Query.Mass,Matched.Compound,Matched.Form,Retention.Time,Mass.Diff,Empirical.Compound
304.07797,C00020,M-CO2+H[1+],0.7666,0.00260646677003251,EC0001
330.0574,C00020,M-H2O+H[1+],0.9403,0.00237646677004477,EC0001
148.06055,C00025,M+H[1+],0.9081,7.35332299939273e-05,EC0002
150.05731,C00025,M(Cl37)+H[1+],0.9136,0.000366466770003626,EC0002
150.05731,C00025,M(S34)+H[1+],0.9136,0.00103353322998601,EC0002
163.05884,C00031,M-H2O+H[1+],8.3204,0.00123646676999556,EC0003
163.0595,C00031,M-H2O+H[1+],6.43,0.000576466769985018,EC0004
163.05957,C00031,M-H2O+H[1+],6.1438,0.000506466769991221,EC0005
101.0224,C00042,M-H2O+H[1+],1.0093,0.000876466769994977,EC0006
137.04478,C00042,M+H2O+H[1+],0.9605,0.000303533229981667,EC0006
141.01493,C00042,M+Na[1+],1.0068,0.000946466770017196,EC0006
103.12205,C00047,M-CO2+H[1+],0.6398,0.000926466769996637,EC0007
147.11183,C00047,M+H[1+],0.6456,0.000946466770017196,EC0007
169.05971,C00064,M+Na[1+],5.3378,0.00133353322999596,EC0008
150.05731,C00073,M+H[1+],0.9136,0.00106646676999844,EC0009
152.0556,C00073,M(Cl37)+H[1+],0.9045,2.35332300064783e-05,EC0009
152.0556,C00073,M(S34)+H[1+],0.9045,0.00142353322999611,EC0009
161.10636,C00078,M-CO2+H[1+],2.3574,0.00101646677001099,EC00010
188.06957,C00078,M-NH3+H[1+],2.2085,0.00110646677001114,EC00010
205.09608,C00078,M+H[1+],2.2029,0.00109646677000796,EC00010
206.09923,C00078,M(C13)+H[1+],2.2014,0.00134646677000205,EC00010
227.07801,C00078,M+Na[1+],2.2033,0.00116646677000176,EC00010
243.05093,C00078,M+K[1+],2.2194,0.00174646677001533,EC00010
289.05786,C00078,M+HCOOK[1+],2.2608,0.000616466769997714,EC00010
120.07983,C00079,M-HCOOH+H[1+],1.5229,0.00104646676999209,EC00011
122.09549,C00079,M-CO2+H[1+],1.7188,0.000986466770001471,EC00011
149.05872,C00079,M-NH3+H[1+],1.5207,0.00105646677002369,EC00011
166.08515,C00079,M+H[1+],5.0017,0.00112646677001749,EC00012
166.08535,C00079,M+H[1+],1.521,0.000926466770010848,EC00011
167.08846,C00079,M(C13)+H[1+],1.5239,0.00121646677001763,EC00011
188.06715,C00079,M+Na[1+],1.5326,0.00112646677001749,EC00011
188.06922,C00079,M+Na[1+],4.8675,0.00094353322998586,EC00012
188.06957,C00079,M+Na[1+],2.2085,0.00129353322998327,EC00011
204.04103,C00079,M+K[1+],1.5161,0.000746466770010557,EC00011
136.07471,C00082,M-HCOOH+H[1+],5.0179,0.00106646676999844,EC00013
146.05895,C00082,M-H4O2+H[1+],5.0637,0.00102646677001417,EC00013
146.05902,C00082,M-H4O2+H[1+],2.2114,0.00095646677002037,EC00014
154.08527,C00082,M-CO+H[1+],5.0207,0.000906466770004499,EC00013
182.08011,C00082,M+H[1+],0.961,0.00106646677002686,EC00014
182.08012,C00082,M+H[1+],5.018,0.00105646677002369,EC00013
183.0849,C00082,M(C13)+H[1+],1.6831,0.000323533229988016,EC00014
183.08492,C00082,M(C13)+H[1+],0.9476,0.000343533229994364,EC00014
183.08522,C00082,M(C13)+H[1+],1.2871,0.000643533229975901,EC00014
204.06204,C00082,M+Na[1+],5.0194,0.00113646677002066,EC00013
189.01505,C00085,M-C3H4O2+H[1+],0.76,0.000826466770007528,EC00015
233.04104,C00085,M-CO+H[1+],0.8251,0.0009364667699856,EC00015
261.03568,C00085,M+H[1+],0.9009,0.00129646676998618,EC00015
365.10439,C00089,M+Na[1+],0.966,0.00108646677000479,EC00016
381.07787,C00089,M+K[1+],0.7696,0.0011064667699543,EC00016
189.01505,C00092,M-C3H4O2+H[1+],0.76,0.000826466770007528,EC00015
233.04104,C00092,M-CO+H[1+],0.8251,0.0009364667699856,EC00015
261.03568,C00092,M+H[1+],0.9009,0.00129646676998618,EC00015
163.05884,C00095,M-H2O+H[1+],8.3204,0.00123646676999556,EC0003
163.0595,C00095,M-H2O+H[1+],6.43,0.000576466769985018,EC0004
163.05957,C00095,M-H2O+H[1+],6.1438,0.000506466769991221,EC0005
189.01505,C00103,M-C3H4O2+H[1+],0.76,0.000826466770007528,EC00015
233.04104,C00103,M-CO+H[1+],0.8251,0.0009364667699856,EC00015
261.03568,C00103,M+H[1+],0.9009,0.00129646676998618,EC00015
113.03367,C00106,M+H[1+],0.9367,0.000906466769990288,EC00017
147.06417,C00117,M-HCOOK+H[1+],0.9537,0.00100646677003624,EC00018
231.02532,C00117,M+H[1+],0.9252,0.00115646677002701,EC00018
249.03672,C00117,M+H2O+H[1+],0.7787,0.000356466770028874,EC00018
132.10106,C00123,M+H[1+],1.0715,0.000816466770032775,EC00019
154.08527,C00123,M+Na[1+],5.0207,0.00139353322998659,EC00020
163.05884,C00124,M-H2O+H[1+],8.3204,0.00123646676999556,EC0003
163.0595,C00124,M-H2O+H[1+],6.43,0.000576466769985018,EC0004
163.05957,C00124,M-H2O+H[1+],6.1438,0.000506466769991221,EC0005
247.01369,C00129,M+H[1+],0.6231,0.0006135332299948,EC00021
248.01493,C00129,M(C13)+H[1+],0.6237,0.00154646677000869,EC00021
249.01191,C00129,M(Cl37)+H[1+],0.6205,0.00163353323000592,EC00021
163.05884,C00137,M-H2O+H[1+],8.3204,0.00123646676999556,EC0003
163.0595,C00137,M-H2O+H[1+],6.43,0.000576466769985018,EC0004
163.05957,C00137,M-H2O+H[1+],6.1438,0.000506466769991221,EC0005
386.04356,C00144,M+Na[1+],4.7668,0.00371646676995852,EC00022
136.06117,C00147,M+H[1+],0.863,0.00060646676999454,EC00023
116.06968,C00148,M+H[1+],0.7877,0.000896466769987114,EC00024
154.02548,C00148,M+K[1+],0.7847,0.000596466770019788,EC00024
200.031,C00148,M+HCOOK[1+],0.932,0.000876466769994977,EC00024
163.05884,C00159,M-H2O+H[1+],8.3204,0.00123646676999556,EC0003
163.0595,C00159,M-H2O+H[1+],6.43,0.000576466769985018,EC0004
163.05957,C00159,M-H2O+H[1+],6.1438,0.000506466769991221,EC0005
165.05364,C00166,M+H[1+],7.787,0.000936466770014022,EC00025
298.0955,C00170,M+H[1+],3.2371,0.00137646677001158,EC00026
127.04925,C00178,M+H[1+],1.1932,0.000926466769996637,EC00027
118.08531,C00183,M+H[1+],0.853,0.000966466769980912,EC00028
156.04132,C00183,M+K[1+],0.8025,0.00045646676997535,EC00028
365.10439,C00185,M+Na[1+],0.966,0.00108646677000479,EC00016
381.07787,C00185,M+K[1+],0.7696,0.0011064667699543,EC00016
147.06417,C00199,M-HCOOK+H[1+],0.9537,0.00100646677003624,EC00018
231.02532,C00199,M+H[1+],0.9252,0.00115646677002701,EC00018
249.03672,C00199,M+H2O+H[1+],0.7787,0.000356466770028874,EC00018
365.10439,C00208,M+Na[1+],0.966,0.00108646677000479,EC00016
381.07787,C00208,M+K[1+],0.7696,0.0011064667699543,EC00016
268.10277,C00212,M+H[1+],1.0419,0.00130646676996093,EC00029
269.10596,C00212,M(C13)+H[1+],1.0392,0.00151646676999917,EC00029
148.06055,C00217,M+H[1+],0.9081,7.35332299939273e-05,EC0002
150.05731,C00217,M(Cl37)+H[1+],0.9136,0.000366466770003626,EC0002
150.05731,C00217,M(S34)+H[1+],0.9136,0.00103353322998601,EC0002
163.05884,C00221,M-H2O+H[1+],8.3204,0.00123646676999556,EC0003
163.0595,C00221,M-H2O+H[1+],6.43,0.000576466769985018,EC0004
163.05957,C00221,M-H2O+H[1+],6.1438,0.000506466769991221,EC0005
147.06417,C00231,M-HCOOK+H[1+],0.9537,0.00100646677003624,EC00018
231.02532,C00231,M+H[1+],0.9252,0.00115646677002701,EC00018
249.03672,C00231,M+H2O+H[1+],0.7787,0.000356466770028874,EC00018
247.01369,C00235,M+H[1+],0.6231,0.0006135332299948,EC00021
248.01493,C00235,M(C13)+H[1+],0.6237,0.00154646677000869,EC00021
249.01191,C00235,M(Cl37)+H[1+],0.6205,0.00163353323000592,EC00021
152.0556,C00242,M+H[1+],0.9045,0.00107646677000162,EC00030
190.01172,C00242,M+K[1+],0.8688,0.000456466770003772,EC00030
365.10439,C00243,M+Na[1+],0.966,0.00108646677000479,EC00016
381.07787,C00243,M+K[1+],0.7696,0.0011064667699543,EC00016
190.04648,C00250,M+Na[1+],4.5305,0.000996466770004645,EC00031
249.03672,C00251,M+Na[1+],0.7787,0.000256466769997132,EC00032
365.10439,C00252,M+Na[1+],0.966,0.00108646677000479,EC00016
381.07787,C00252,M+K[1+],0.7696,0.0011064667699543,EC00016
124.03835,C00253,M+H[1+],0.972,0.000926466769996637,EC00033
249.03672,C00254,M+Na[1+],0.7787,0.000256466769997132,EC00032
377.14387,C00255,M+H[1+],4.8909,0.00170646677003106,EC00034
377.1489,C00255,M+H[1+],3.9362,0.00332353323000234,EC00035
399.12595,C00255,M+Na[1+],5.6836,0.00162646677006251,EC00036
137.04478,C00262,M+H[1+],0.9605,0.000996466770004645,EC00037
175.0012,C00262,M+K[1+],0.9173,7.64667699968413e-05,EC00037
163.05884,C00267,M-H2O+H[1+],8.3204,0.00123646676999556,EC0003
163.0595,C00267,M-H2O+H[1+],6.43,0.000576466769985018,EC0004
163.05957,C00267,M-H2O+H[1+],6.1438,0.000506466769991221,EC0005
189.01505,C00275,M-C3H4O2+H[1+],0.76,0.000826466770007528,EC00015
233.04104,C00275,M-CO+H[1+],0.8251,0.0009364667699856,EC00015
261.03568,C00275,M+H[1+],0.9009,0.00129646676998618,EC00015
201.01491,C00279,M+H[1+],0.746,0.000966466770023544,EC00038
219.02548,C00279,M+H2O+H[1+],0.7575,0.000996466770033066,EC00038
227.06493,C00299,M-H2O+H[1+],5.6343,0.00124646676999873,EC00039
170.08013,C00314,M+H[1+],0.8961,0.00104646677002052,EC00040
143.03526,C00322,M-H2O+H[1+],0.6125,0.00138353322998341,EC00041
268.10277,C00330,M+H[1+],1.0419,0.00130646676996093,EC00029
269.10596,C00330,M(C13)+H[1+],1.0392,0.00151646676999917,EC00029
260.05192,C00352,M+H[1+],0.7708,0.00105646677002369,EC00042
304.07797,C00362,M-CO2+H[1+],0.7666,0.00260646677003251,EC0001
330.0574,C00362,M-H2O+H[1+],0.9403,0.00237646677004477,EC0001
266.11771,C00378,M+H[1+],5.5954,0.001866466770025,EC00043
266.1221,C00378,M+H[1+],0.9178,0.00252353322997578,EC00044
304.07797,C00378,M+K[1+],0.7666,0.00289353322995112,EC00044
135.03126,C00385,M-H2O+H[1+],0.622,0.0011835332300052,EC00045
153.03971,C00385,M+H[1+],0.99,0.000966466769995122,EC00046
284.09774,C00387,M+H[1+],1.062,0.00123646677002398,EC00047
322.05375,C00387,M+K[1+],1.0642,0.000726466770004208,EC00047
147.06417,C00392,M-H4O2+H[1+],0.9537,0.000906466770032921,EC00048
165.07425,C00392,M-H2O+H[1+],1.1898,0.00142646676999902,EC00048
182.08011,C00392,M[1+],0.961,0.00110999999998285,EC00048
183.0849,C00392,M+H[1+],1.6831,0.00137646677001158,EC00048
183.08492,C00392,M+H[1+],0.9476,0.00135646677000523,EC00048
183.08522,C00392,M+H[1+],1.2871,0.00105646677002369,EC00048
205.06724,C00392,M+Na[1+],0.947,0.00103646677001734,EC00048
221.04114,C00392,M+K[1+],0.7497,0.000636466770004063,EC00048
132.10106,C00407,M+H[1+],1.0715,0.000816466770032775,EC00019
154.08527,C00407,M+Na[1+],5.0207,0.00139353322998659,EC00020
101.0224,C00441,M-NH3+H[1+],1.0093,0.000976466769984086,EC00049
136.06117,C00441,M+H2O+H[1+],0.863,0.000693533229991772,EC00049
140.03322,C00441,M+Na[1+],0.984,0.00134353322999914,EC00049
176.00972,C00441,M+NaCl[1+],0.8239,0.00124353322999582,EC00049
439.15602,C00445,M-H2O+H[1+],4.3706,0.00385646677000295,EC00050
439.15604,C00445,M-H2O+H[1+],4.9701,0.0038364667699966,EC00051
189.01505,C00446,M-C3H4O2+H[1+],0.76,0.000826466770007528,EC00015
233.04104,C00446,M-CO+H[1+],0.8251,0.0009364667699856,EC00015
261.03568,C00446,M+H[1+],0.9009,0.00129646676998618,EC00015
115.03804,C00489,M-H2O+H[1+],1.0056,0.000936466770014022,EC00052
115.03805,C00489,M-H2O+H[1+],1.4132,0.000926466770010848,EC00053
155.03055,C00489,M+Na[1+],1.9213,0.00102646677001417,EC00053
155.03063,C00489,M+Na[1+],2.2682,0.000946466770017196,EC00053
147.06417,C00507,M-H2O+H[1+],0.9537,0.00100646677000782,EC00054
165.07425,C00507,M+H[1+],1.1898,0.00152646677000234,EC00054
183.0849,C00507,M+H2O+H[1+],1.6831,0.00147646677001489,EC00054
183.08492,C00507,M+H2O+H[1+],0.9476,0.00145646677000855,EC00054
183.08522,C00507,M+H2O+H[1+],1.2871,0.00115646677002701,EC00054
249.03672,C00507,M+HCOOK[1+],0.7787,0.000356466770000452,EC00054
156.04132,C00561,M+Na[1+],0.8025,0.000756466769985309,EC00055
115.03804,C00596,M+H[1+],1.0056,0.000936466769999811,EC00056
115.03805,C00596,M+H[1+],1.4132,0.000926466769996637,EC00057
103.05332,C00601,M-H2O+H[1+],1.513,0.000856466770002839,EC00058
121.06385,C00601,M+H[1+],0.9513,0.000926466769996637,EC00059
121.06392,C00601,M+H[1+],0.8446,0.000856466770002839,EC00059
147.06417,C00620,M-HCOOK+H[1+],0.9537,0.00100646677003624,EC00018
231.02532,C00620,M+H[1+],0.9252,0.00115646677002701,EC00018
249.03672,C00620,M+H2O+H[1+],0.7787,0.000356466770028874,EC00018
190.06972,C00624,M+H[1+],4.9589,0.00125646677003033,EC00060
190.07127,C00624,M+H[1+],2.2217,0.000293533229978493,EC00061
203.05766,C00647,M-HCOOH+H[1+],4.228,0.000416466769991075,EC00062
249.06375,C00647,M+H[1+],4.4164,0.000273533230000567,EC00062
189.01505,C00663,M-C3H4O2+H[1+],0.76,0.000826466770007528,EC00015
233.04104,C00663,M-CO+H[1+],0.8251,0.0009364667699856,EC00015
261.03568,C00663,M+H[1+],0.9009,0.00129646676998618,EC00015
189.01505,C00668,M-C3H4O2+H[1+],0.76,0.000826466770007528,EC00015
233.04104,C00668,M-CO+H[1+],0.8251,0.0009364667699856,EC00015
261.03568,C00668,M+H[1+],0.9009,0.00129646676998618,EC00015
259.1163,C00670,M+H[1+],5.4057,0.00157646676996137,EC00063
277.12689,C00670,M+H2O+H[1+],5.4053,0.00158646676999297,EC00063
142.02548,C00682,M[1+],0.7287,0.00112000000001444,EC00064
143.03526,C00682,M+H[1+],0.6125,0.00138353322998341,EC00064
223.03988,C00689,M+H+Na[2+],0.7551,0.00035353323002596,EC00065
351.06748,C00689,M-C3H4O2+H[1+],0.7726,0.00119646677001128,EC00065
423.08828,C00689,M+H[1+],0.9391,0.00149646676999282,EC00065
147.06417,C00794,M-H4O2+H[1+],0.9537,0.000906466770032921,EC00048
165.07425,C00794,M-H2O+H[1+],1.1898,0.00142646676999902,EC00048
182.08011,C00794,M[1+],0.961,0.00110999999998285,EC00048
183.0849,C00794,M+H[1+],1.6831,0.00137646677001158,EC00048
183.08492,C00794,M+H[1+],0.9476,0.00135646677000523,EC00048
183.08522,C00794,M+H[1+],1.2871,0.00105646677002369,EC00048
205.06724,C00794,M+Na[1+],0.947,0.00103646677001734,EC00048
221.04114,C00794,M+K[1+],0.7497,0.000636466770004063,EC00048
169.05971,C00819,M+Na[1+],5.3378,0.00133353322999596,EC0008
283.04284,C00842,M+2H[2+],9.4351,0.00233646676997523,EC00066
283.5452,C00842,M(C13)+2H[2+],9.4285,0.00167646676999311,EC00066
564.07148,C00842,M[1+],9.4197,0.00432000000000698,EC00066
565.08516,C00842,M+H[1+],9.4191,0.00208353323000665,EC00066
318.09396,C00844,M+Na[1+],0.8931,0.000916466769979252,EC00067
147.06417,C00861,M-H2O+H[1+],0.9537,0.00100646677000782,EC00054
165.07425,C00861,M+H[1+],1.1898,0.00152646677000234,EC00054
183.0849,C00861,M+H2O+H[1+],1.6831,0.00147646677001489,EC00054
183.08492,C00861,M+H2O+H[1+],0.9476,0.00145646677000855,EC00054
183.08522,C00861,M+H2O+H[1+],1.2871,0.00115646677002701,EC00054
249.03672,C00861,M+HCOOK[1+],0.7787,0.000356466770000452,EC00054
220.11683,C00864,M+H[1+],1.838,0.00114646677002384,EC00068
221.12008,C00864,M(C13)+H[1+],1.8354,0.0012964667700146,EC00068
242.09873,C00864,M+Na[1+],1.8387,0.00124646677002715,EC00068
258.07215,C00864,M+K[1+],1.8341,0.00132646676996728,EC00068
116.06968,C00956,M-HCOOH+H[1+],0.7877,0.000996466769990434,EC00069
118.08531,C00956,M-CO2+H[1+],0.853,0.000966466769995122,EC00069
162.07508,C00956,M+H[1+],0.9705,0.000996466770004645,EC00069
180.08557,C00956,M+H2O+H[1+],0.6456,0.00110646677003956,EC00069
200.031,C00956,M+K[1+],0.932,0.00057646677001344,EC00069
148.06055,C00979,M+H[1+],0.9081,7.35332299939273e-05,EC0002
150.05731,C00979,M(Cl37)+H[1+],0.9136,0.000366466770003626,EC0002
150.05731,C00979,M(S34)+H[1+],0.9136,0.00103353322998601,EC0002
163.05884,C00984,M-H2O+H[1+],8.3204,0.00123646676999556,EC0003
163.0595,C00984,M-H2O+H[1+],6.43,0.000576466769985018,EC0004
163.05957,C00984,M-H2O+H[1+],6.1438,0.000506466769991221,EC0005
147.06417,C01019,M-H2O+H[1+],0.9537,0.00100646677000782,EC00054
165.07425,C01019,M+H[1+],1.1898,0.00152646677000234,EC00054
183.0849,C01019,M+H2O+H[1+],1.6831,0.00147646677001489,EC00054
183.08492,C01019,M+H2O+H[1+],0.9476,0.00145646677000855,EC00054
183.08522,C01019,M+H2O+H[1+],1.2871,0.00115646677002701,EC00054
249.03672,C01019,M+HCOOK[1+],0.7787,0.000356466770000452,EC00054
569.31225,C01079,M+H[1+],5.6803,2.64667700093923e-05,EC00070
365.10439,C01083,M+Na[1+],0.966,0.00108646677000479,EC00016
381.07787,C01083,M+K[1+],0.7696,0.0011064667699543,EC00016
189.01505,C01094,M-C3H4O2+H[1+],0.76,0.000826466770007528,EC00015
233.04104,C01094,M-CO+H[1+],0.8251,0.0009364667699856,EC00015
261.03568,C01094,M+H[1+],0.9009,0.00129646676998618,EC00015
189.01505,C01097,M-C3H4O2+H[1+],0.76,0.000826466770007528,EC00015
233.04104,C01097,M-CO+H[1+],0.8251,0.0009364667699856,EC00015
261.03568,C01097,M+H[1+],0.9009,0.00129646676998618,EC00015
147.06417,C01101,M-HCOOK+H[1+],0.9537,0.00100646677003624,EC00018
231.02532,C01101,M+H[1+],0.9252,0.00115646677002701,EC00018
249.03672,C01101,M+H2O+H[1+],0.7787,0.000356466770028874,EC00018
116.06968,C01102,M-HCOOK+H[1+],0.7877,0.000896466769987114,EC00071
154.02548,C01102,M-HCOOH+H[1+],0.7847,0.000996466770004645,EC00071
156.04132,C01102,M-CO2+H[1+],0.8025,0.000756466769985309,EC00071
200.031,C01102,M+H[1+],0.932,0.000876466769994977,EC00071
218.04143,C01102,M+H2O+H[1+],0.6786,0.00104646677002052,EC00071
149.02226,C01108,M+Na[1+],10.6605,0.00128353322998009,EC00072
149.02231,C01108,M+Na[1+],8.3479,0.00133353322999596,EC00073
189.01505,C01113,M-C3H4O2+H[1+],0.76,0.000826466770007528,EC00015
233.04104,C01113,M-CO+H[1+],0.8251,0.0009364667699856,EC00015
261.03568,C01113,M+H[1+],0.9009,0.00129646676998618,EC00015
381.08247,C01134,M+Na[1+],8.3419,0.00320646676999559,EC00074
154.04884,C01157,M+Na[1+],3.9883,0.00136353323000549,EC00075
154.04884,C01165,M+Na[1+],3.9883,0.00136353323000549,EC00075
189.01505,C01172,M-C3H4O2+H[1+],0.76,0.000826466770007528,EC00015
233.04104,C01172,M-CO+H[1+],0.8251,0.0009364667699856,EC00015
261.03568,C01172,M+H[1+],0.9009,0.00129646676998618,EC00015
189.01505,C01177,M-C3H4O2+H[1+],0.76,0.000826466770007528,EC00015
233.04104,C01177,M-CO+H[1+],0.8251,0.0009364667699856,EC00015
261.03568,C01177,M+H[1+],0.9009,0.00129646676998618,EC00015
181.04852,C01179,M+H[1+],8.3491,0.00105646677002369,EC00076
365.10439,C01235,M+Na[1+],0.966,0.00108646677000479,EC00016
381.07787,C01235,M+K[1+],0.7696,0.0011064667699543,EC00016
203.02153,C01267,M-H2O+H[1+],2.2755,4.64667699873189e-05,EC00077
304.07797,C01367,M-CO2+H[1+],0.7666,0.00260646677003251,EC0001
330.0574,C01367,M-H2O+H[1+],0.9403,0.00237646677004477,EC0001
407.166,C01674,M-H2O+H[1+],5.3259,2.35332299780566e-05,EC00078
425.17678,C01674,M+H[1+],5.1015,0.000203533229978348,EC00079
425.17693,C01674,M+H[1+],4.2438,0.000353533229997538,EC00080
147.06417,C01697,M-H4O2+H[1+],0.9537,0.000906466770032921,EC00048
165.07425,C01697,M-H2O+H[1+],1.1898,0.00142646676999902,EC00048
182.08011,C01697,M[1+],0.961,0.00110999999998285,EC00048
183.0849,C01697,M+H[1+],1.6831,0.00137646677001158,EC00048
183.08492,C01697,M+H[1+],0.9476,0.00135646677000523,EC00048
183.08522,C01697,M+H[1+],1.2871,0.00105646677002369,EC00048
205.06724,C01697,M+Na[1+],0.947,0.00103646677001734,EC00048
221.04114,C01697,M+K[1+],0.7497,0.000636466770004063,EC00048
147.06417,C01721,M-H2O+H[1+],0.9537,0.00100646677000782,EC00054
165.07425,C01721,M+H[1+],1.1898,0.00152646677000234,EC00054
183.0849,C01721,M+H2O+H[1+],1.6831,0.00147646677001489,EC00054
183.08492,C01721,M+H2O+H[1+],0.9476,0.00145646677000855,EC00054
183.08522,C01721,M+H2O+H[1+],1.2871,0.00115646677002701,EC00054
249.03672,C01721,M+HCOOK[1+],0.7787,0.000356466770000452,EC00054
441.11407,C01847,M-H2O+H[1+],4.5208,0.00290646676995721,EC00081
473.34316,C02059,M+Na[1+],9.0947,0.00408353322995936,EC00082
519.27102,C02191,M-CO2+H[1+],4.286,0.00445646676996603,EC00083
519.27959,C02191,M-CO2+H[1+],4.3022,0.0041135332299973,EC00083
562.26358,C02191,M[1+],4.2798,0.00558000000000902,EC00083
563.26183,C02191,M+H[1+],4.4516,0.00344646677001492,EC00083
585.24993,C02191,M+Na[1+],5.2692,0.00265353322993178,EC00084
330.0574,C02353,M+H[1+],0.9403,0.00237646677004477,EC00085
136.07471,C02505,M+H[1+],5.0179,0.000966466769995122,EC00086
154.08527,C02505,M+H2O+H[1+],5.0207,0.00100646677000782,EC00086
204.06204,C02505,M+HCOONa[1+],5.0194,0.00103646676998892,EC00086
223.03988,C02995,M+H+Na[2+],0.7551,0.00035353323002596,EC00065
351.06748,C02995,M-C3H4O2+H[1+],0.7726,0.00119646677001128,EC00065
423.08828,C02995,M+H[1+],0.9391,0.00149646676999282,EC00065
163.04345,C03089,M-H2O+H[1+],5.9662,0.00117353323000202,EC00087
147.06417,C03291,M-HCOOK+H[1+],0.9537,0.00100646677003624,EC00018
231.02532,C03291,M+H[1+],0.9252,0.00115646677002701,EC00018
249.03672,C03291,M+H2O+H[1+],0.7787,0.000356466770028874,EC00018
296.06464,C03373,M+H[1+],0.7798,0.000463533230004032,EC00088
354.02158,C03373,M+NaCl[1+],0.9876,0.00119646677001128,EC00088
250.07638,C03539,M-H2O+H[1+],2.2481,0.00200353323000968,EC00089
189.01505,C03546,M-C3H4O2+H[1+],0.76,0.000826466770007528,EC00015
233.04104,C03546,M-CO+H[1+],0.8251,0.0009364667699856,EC00015
261.03568,C03546,M+H[1+],0.9009,0.00129646676998618,EC00015
142.02548,C03586,M[1+],0.7287,0.00112000000001444,EC00064
143.03526,C03586,M+H[1+],0.6125,0.00138353322998341,EC00064
154.04884,C03972,M-H2O+H[1+],3.9883,0.00103646676998892,EC00090
189.01505,C04006,M-C3H4O2+H[1+],0.76,0.000826466770007528,EC00015
233.04104,C04006,M-CO+H[1+],0.8251,0.0009364667699856,EC00015
261.03568,C04006,M+H[1+],0.9009,0.00129646676998618,EC00015
323.12905,C04079,M+H[1+],5.6807,0.00187353323002526,EC00091
341.13888,C04079,M+H2O+H[1+],5.6658,0.0011035332299798,EC00091
143.03526,C04287,M-H2O+H[1+],0.6125,0.00138353322998341,EC00041
385.08281,C04352,M-H2O+H[1+],1.5219,6.64667700220889e-05,EC00092
291.11881,C04421,M+H[1+],6.0371,0.00013353322998455,EC00093
223.03988,C04534,M+H+Na[2+],0.7551,0.00035353323002596,EC00065
351.06748,C04534,M-C3H4O2+H[1+],0.7726,0.00119646677001128,EC00065
423.08828,C04534,M+H[1+],0.9391,0.00149646676999282,EC00065
296.06464,C04640,M-H2O+H[1+],0.7798,0.000463533230004032,EC00094
321.05706,C04677,M-H2O+H[1+],0.7575,0.00241646677000062,EC00095
321.99683,C04752,M+Na[1+],1.0123,0.000353533229997538,EC00096
312.10973,C05143,M+H[1+],0.9501,0.00195353322999381,EC00097
223.03988,C05396,M+H+Na[2+],0.7551,0.00035353323002596,EC00065
351.06748,C05396,M-C3H4O2+H[1+],0.7726,0.00119646677001128,EC00065
423.08828,C05396,M+H[1+],0.9391,0.00149646676999282,EC00065
365.10439,C05400,M+Na[1+],0.966,0.00108646677000479,EC00016
381.07787,C05400,M+K[1+],0.7696,0.0011064667699543,EC00016
365.10439,C05402,M+Na[1+],0.966,0.00108646677000479,EC00016
381.07787,C05402,M+K[1+],0.7696,0.0011064667699543,EC00016
191.03068,C05577,M+Na[1+],0.7635,0.000896466770029747,EC00098
165.05364,C05838,M+H[1+],7.787,0.000936466770014022,EC00025
105.06913,C05853,M-H2O+H[1+],1.7242,0.000746466769996346,EC00099
103.07441,C06006,M-CO2+H[1+],3.0274,0.000966466769980912,EC000100
129.05367,C06006,M-H2O+H[1+],2.5858,0.000906466769976078,EC000100
146.05902,C06006,M[1+],2.2114,0.00112000000001444,EC000100
147.06417,C06006,M+H[1+],0.9537,0.00100646677000782,EC000101
165.07425,C06006,M+H2O+H[1+],1.1898,0.00152646677000234,EC000101
231.02532,C06006,M+HCOOK[1+],0.9252,0.00115646676999859,EC000101
115.03804,C06010,M-H2O+H[1+],1.0056,0.000936466770014022,EC00052
115.03805,C06010,M-H2O+H[1+],1.4132,0.000926466770010848,EC00053
155.03055,C06010,M+Na[1+],1.9213,0.00102646677001417,EC00053
155.03063,C06010,M+Na[1+],2.2682,0.000946466770017196,EC00053
121.06385,C06044,M-H2O+H[1+],0.9513,0.000926466769982426,EC000102
121.06392,C06044,M-H2O+H[1+],0.8446,0.000856466769988629,EC000102
136.06117,C06056,M+H[1+],0.863,0.000693533229991772,EC00023
260.05192,C06156,M+H[1+],0.7708,0.00105646677002369,EC00042
386.04356,C06193,M+Na[1+],4.7668,0.00371646676995852,EC00022
190.99907,C06336,M+H[1+],1.2903,0.00180646677000595,EC000103
260.05192,C06377,M+H[1+],0.7708,0.00105646677002369,EC00042
147.06417,C06441,M-HCOOK+H[1+],0.9537,0.00100646677003624,EC00018
231.02532,C06441,M+H[1+],0.9252,0.00115646677002701,EC00018
249.03672,C06441,M+H2O+H[1+],0.7787,0.000356466770028874,EC00018
105.06913,C06757,M-H2O+H[1+],1.7242,0.000746466769996346,EC00099
103.05332,C06758,M-H2O+H[1+],1.513,0.000856466770002839,EC00058
121.06385,C06758,M+H[1+],0.9513,0.000926466769996637,EC00059
121.06392,C06758,M+H[1+],0.8446,0.000856466770002839,EC00059
191.03068,C07087,M+Na[1+],0.7635,0.000896466770029747,EC00098
103.05332,C07209,M-H2O+H[1+],1.513,0.000856466770002839,EC00058
121.06385,C07209,M+H[1+],0.9513,0.000926466769996637,EC00059
121.06392,C07209,M+H[1+],0.8446,0.000856466770002839,EC00059
105.06913,C07213,M-H2O+H[1+],1.7242,0.000746466769996346,EC00099
103.05332,C07214,M-H2O+H[1+],1.513,0.000856466770002839,EC00058
121.06385,C07214,M+H[1+],0.9513,0.000926466769996637,EC00059
121.06392,C07214,M+H[1+],0.8446,0.000856466770002839,EC00059
105.06913,C07216,M-H2O+H[1+],1.7242,0.000746466769996346,EC00099
262.12732,C08334,M+H[1+],0.9051,0.00115646676999859,EC000104
280.13781,C08334,M+H2O+H[1+],0.9099,0.00126646677000508,EC000104
491.26154,C09332,M-HCOOK+H[1+],4.7473,0.00196353322996856,EC000105
557.21555,C09332,M-H2O+H[1+],4.5582,0.00527353322991075,EC000105
229.03474,C16241,M+Na[1+],4.1284,0.00196353322999698,EC000106
223.03988,C16688,M+H+Na[2+],0.7551,0.00035353323002596,EC00065
351.06748,C16688,M-C3H4O2+H[1+],0.7726,0.00119646677001128,EC00065
423.08828,C16688,M+H[1+],0.9391,0.00149646676999282,EC00065
189.01505,C18096,M-C3H4O2+H[1+],0.76,0.000826466770007528,EC00015
233.04104,C18096,M-CO+H[1+],0.8251,0.0009364667699856,EC00015
261.03568,C18096,M+H[1+],0.9009,0.00129646676998618,EC00015
321.06323,C19787,M+Na[1+],0.9264,0.000353533229940695,EC000107
163.05884,C19891,M-H2O+H[1+],8.3204,0.00123646676999556,EC0003
163.0595,C19891,M-H2O+H[1+],6.43,0.000576466769985018,EC0004
163.05957,C19891,M-H2O+H[1+],6.1438,0.000506466769991221,EC0005
147.06417,C22337,M-HCOOK+H[1+],0.9537,0.00100646677003624,EC00018
231.02532,C22337,M+H[1+],0.9252,0.00115646677002701,EC00018
249.03672,C22337,M+H2O+H[1+],0.7787,0.000356466770028874,EC00018
190.06972,C22611,M+H[1+],4.9589,0.00125646677003033,EC00060
190.07127,C22611,M+H[1+],2.2217,0.000293533229978493,EC00061
