mappingFeatureId,inchikey,inchi,smiles,clean_smiles,annotation_source,mz,rt,compound_name
287,GFFGJBXGBJISGV,"InChI=1S/C5H5N5/c6-4-3-5(9-1-7-3)10-2-8-4/h1-2H,(H3,6,7,8,9,10)",Nc1nc[nH]c2ncnc1-2,Nc1ncnc2[nH]cnc12,sirius,136.06079628927125,0.85535,Adenin
315,UYTPUPDQBNUYGX,"InChI=1S/C5H5N5O/c6-5-9-3-2(4(11)10-5)7-1-8-3/h1H,(H4,6,7,8,9,10,11)",N=c1nc(O)c2nc[nH]c2[nH]1,Nc1nc(=O)c2[nH]cnc2[nH]1,sirius,152.05567743186938,0.87726116,Guanine
325,OANCGDPJMNPBDV,"InChI=1S/C11H21NO7/c1-5(2)7(10(16)17)12-4-11(18)9(15)8(14)6(3-13)19-11/h5-9,12-15,18H,3-4H2,1-2H3,(H,16,17)",CC(C)C(NCC1(O)OC(CO)C(O)C1O)C(=O)O,CC(C)C(NCC1(O)OC(CO)C(O)C1O)C(=O)O,sirius,280.1369716368209,0.9020222,"3-methyl-2-({[2,3,4-trihydroxy-5-(hydroxymethyl)oxolan-2-yl]methyl}amino)butanoic acid"
347,FDGQSTZJBFJUBT,"InChI=1S/C5H4N4O/c10-5-3-4(7-1-6-3)8-2-9-5/h1-2H,(H2,6,7,8,9,10)",Oc1ncnc2[nH]cnc12,O=c1[nH]cnc2[nH]cnc12,sirius,137.04483629037657,0.9517222,Sarkin
352,OUYCCCASQSFEME,"InChI=1S/C9H11NO3/c10-8(9(12)13)5-6-1-3-7(11)4-2-6/h1-4,8,11H,5,10H2,(H,12,13)",NC(Cc1ccc(O)cc1)C(=O)O,NC(Cc1ccc(O)cc1)C(=O)O,sirius,182.080128365856,0.96279997,L-Tyr
752,OUYCCCASQSFEME,"InChI=1S/C9H11NO3/c10-8(9(12)13)5-6-1-3-7(11)4-2-6/h1-4,8,11H,5,10H2,(H,12,13)",NC(Cc1ccc(O)cc1)C(=O)O,NC(Cc1ccc(O)cc1)C(=O)O,sirius,182.0800769736356,5.020233,L-Tyr
364,LRFVTYWOQMYALW,"InChI=1S/C5H4N4O2/c10-4-2-3(7-1-6-2)8-5(11)9-4/h1H,(H3,6,7,8,9,10,11)",Oc1nc(O)c2nc[nH]c2n1,O=c1[nH]c(=O)c2[nH]cnc2[nH]1,sirius,153.03968878169323,0.99568605,Xanthin
374,WQKIVDUWFNRJHE,"InChI=1S/C19H32N2O13/c1-6(17(28)29)31-16-12(21-8(3)25)18(30)32-10(5-23)15(16)34-19-11(20-7(2)24)14(27)13(26)9(4-22)33-19/h6,9-16,18-19,22-23,26-27,30H,4-5H2,1-3H3,(H,20,24)(H,21,25)(H,28,29)",CC(O)=NC1C(OC2C(CO)OC(O)C(N=C(C)O)C2OC(C)C(=O)O)OC(CO)C(O)C1O,CC(=O)NC1C(OC2C(CO)OC(O)C(NC(C)=O)C2OC(C)C(=O)O)OC(CO)C(O)C1O,suspect,497.1961102289316,1.0194249,"2-[(3-acetamido-5-{[3-acetamido-4,5-dihydroxy-6-(hydroxymethyl)oxan-2-yl]oxy}-2-hydroxy-6-(hydroxymethyl)oxan-4-yl)oxy]propanoic acid"
382,OIRDTQYFTABQOQ,"""InChI=1S/C10H13N5O4/c11-8-5-9(13-2-12-8)15(3-14-5)10-7(18)6(17)4(1-16)19-10/h2-4,6-7,10,16-18H,1H2,(H2,11,12,13)/t4-,6-,7+,10-/m1/s1""",Nc1ncnc2c1ncn2[C@@H]1O[C@H](CO)[C@@H](O)[C@@H]1O,Nc1ncnc2c1ncn2[C@@H]1O[C@H](CO)[C@@H](O)[C@@H]1O,gnps:sirius,268.10282942034013,1.0277444,Vidarabine
382,OIRDTQYFTABQOQ,"""InChI=1S/C10H13N5O4/c11-8-5-9(13-2-12-8)15(3-14-5)10-7(18)6(17)4(1-16)19-10/h2-4,6-7,10,16-18H,1H2,(H2,11,12,13)/t4-,6-,7+,10-/m1/s1""",Nc1ncnc2c1ncn2[C@@H]1O[C@H](CO)[C@@H](O)[C@@H]1O,Nc1ncnc2c1ncn2[C@@H]1O[C@H](CO)[C@@H](O)[C@@H]1O,gnps:sirius,268.10282942034013,1.0277444,Myocol
401,OLXZPDWKRNYJJZ,"InChI=1S/C10H13N5O3/c11-9-8-10(13-3-12-9)15(4-14-8)7-1-5(17)6(2-16)18-7/h3-7,16-17H,1-2H2,(H2,11,12,13)",Nc1ncnc2c1ncn2C1CC(O)C(CO)O1,Nc1ncnc2c1ncn2C1CC(O)C(CO)O1,sirius,252.1079654093764,1.1194612,Deoxyadenosine
413,YKBGVTZYEHREMT,"InChI=1S/C10H13N5O4/c11-10-13-8-7(9(18)14-10)12-3-15(8)6-1-4(17)5(2-16)19-6/h3-6,16-17H,1-2H2,(H3,11,13,14,18)",N=c1nc(O)c2ncn(C3CC(O)C(CO)O3)c2[nH]1,Nc1nc(=O)c2ncn(C3CC(O)C(CO)O3)c2[nH]1,sirius,268.10286388963203,1.1265832,Deoxyguanosine
405,KROPQMAJPWOGBH,"InChI=1S/C18H33NO12/c1-2-3-8(22)7(19)6-28-17-15(27)13(25)16(10(5-21)30-17)31-18-14(26)12(24)11(23)9(4-20)29-18/h2-3,7-18,20-27H,4-6,19H2,1H3",CC=CC(O)C(N)COC1OC(CO)C(OC2OC(CO)C(O)C(O)C2O)C(O)C1O,CC=CC(O)C(N)COC1OC(CO)C(OC2OC(CO)C(O)C(O)C2O)C(O)C1O,suspect,456.20595195355895,1.135739,"2-[(3S,4R)-6-[(E,2S,3R)-2-amino-3-hydroxyhex-4-enoxy]-4,5-dihydroxy-2-(hydroxymethyl)oxan-3-yl]oxy-6-(hydroxymethyl)oxane-3,4,5-triol"
408,VYGRYVGDPYFVCA,"InChI=1S/C12H23NO7/c1-3-6(2)8(11(17)18)13-5-12(19)10(16)9(15)7(4-14)20-12/h6-10,13-16,19H,3-5H2,1-2H3,(H,17,18)",CCC(C)C(NCC1(O)OC(CO)C(O)C1O)C(=O)O,CCC(C)C(NCC1(O)OC(CO)C(O)C1O)C(=O)O,sirius,276.142678274492,1.1525694,"3-methyl-2-({[2,3,4-trihydroxy-5-(hydroxymethyl)oxolan-2-yl]methyl}amino)pentanoic acid"
409,VYGRYVGDPYFVCA,"InChI=1S/C12H23NO7/c1-3-6(2)8(11(17)18)13-5-12(19)10(16)9(15)7(4-14)20-12/h6-10,13-16,19H,3-5H2,1-2H3,(H,17,18)",CCC(C)C(NCC1(O)OC(CO)C(O)C1O)C(=O)O,CCC(C)C(NCC1(O)OC(CO)C(O)C1O)C(=O)O,sirius,294.15340056589235,1.1566278,"3-methyl-2-({[2,3,4-trihydroxy-5-(hydroxymethyl)oxolan-2-yl]methyl}amino)pentanoic acid"
426,LDCYZAJDBXYCGN,"InChI=1S/C11H12N2O3/c12-9(11(15)16)3-6-5-13-10-2-1-7(14)4-8(6)10/h1-2,4-5,9,13-14H,3,12H2,(H,15,16)",NC(Cc1c[nH]c2ccc(O)cc12)C(=O)O,NC(Cc1c[nH]c2ccc(O)cc12)C(=O)O,sirius,221.0907185754953,1.1951778,Tript-Oh
444,HFDLDPJYCIEXJP,"InChI=1S/C10H9NO/c1-12-9-4-5-10-8(7-9)3-2-6-11-10/h2-7H,1H3",COc1ccc2ncccc2c1,COc1ccc2ncccc2c1,sirius,160.0747143867596,1.2776972,
452,ZGZWMFXNXFNBOT,"InChI=1S/C8H9N5O3/c9-8-11-6-5(7(16)12-8)13(3-10-6)2-1-4(14)15/h3H,1-2H2,(H,14,15)(H3,9,11,12,16)",N=c1nc(O)c2c(ncn2CCC(=O)O)[nH]1,Nc1nc(=O)c2c(ncn2CCC(=O)O)[nH]1,sirius,224.0767169704378,1.3772694,"3-(2-amino-6-oxo-6,7-dihydro-1H-purin-7-yl)propanoic acid"
466,COLNVLDHVKWLRT,"InChI=1S/C9H11NO2/c10-8(9(11)12)6-7-4-2-1-3-5-7/h1-5,8H,6,10H2,(H,11,12)",NC(Cc1ccccc1)C(=O)O,NC(Cc1ccccc1)C(=O)O,sirius,166.08534737992144,1.5171722,L-Phe
482,FAVRCIXPIVJIPN,"InChI=1S/C15H21NO7/c17-7-11-12(18)13(19)15(22,23-11)8-16-10(14(20)21)6-9-4-2-1-3-5-9/h1-5,10-13,16-19,22H,6-8H2,(H,20,21)",O=C(O)C(Cc1ccccc1)NCC1(O)OC(CO)C(O)C1O,O=C(O)C(Cc1ccccc1)NCC1(O)OC(CO)C(O)C1O,sirius,310.12800608376534,1.6672667,N-(1-Deoxy-1-Fructosyl)Phenylalanine
485,FAVRCIXPIVJIPN,"InChI=1S/C15H21NO7/c17-7-11-12(18)13(19)15(22,23-11)8-16-10(14(20)21)6-9-4-2-1-3-5-9/h1-5,10-13,16-19,22H,6-8H2,(H,20,21)",O=C(O)C(Cc1ccccc1)NCC1(O)OC(CO)C(O)C1O,O=C(O)C(Cc1ccccc1)NCC1(O)OC(CO)C(O)C1O,gnps:sirius,328.13776972239083,1.6687971,N-(1-Deoxy-1-Fructosyl)Phenylalanine
492,VNYDHJARLHNEGA,"InChI=1S/C14H18N2O4/c15-11(8-9-3-5-10(17)6-4-9)13(18)16-7-1-2-12(16)14(19)20/h3-6,11-12,17H,1-2,7-8,15H2,(H,19,20)",NC(Cc1ccc(O)cc1)C(=O)N1CCCC1C(=O)O,NC(Cc1ccc(O)cc1)C(=O)N1CCCC1C(=O)O,sirius,279.1337211004332,1.7687055,
509,ROHDXJUFQVRDAV,"InChI=1S/C12H16N2O4/c13-9(6-8-4-2-1-3-5-8)11(16)14-10(7-15)12(17)18/h1-5,9-10,15H,6-7,13H2,(H,14,16)(H,17,18)",NC(Cc1ccccc1)C(O)=NC(CO)C(=O)O,NC(Cc1ccccc1)C(=O)NC(CO)C(=O)O,sirius,253.1172874632817,1.953886,2-[[(2S)-2-amino-3-phenylpropanoyl]amino]-3-hydroxypropanoic acid
510,KOAWDFCVOHGUFB,"InChI=1S/C8H13N3O2/c1-2-11-5-10-4-6(11)3-7(9)8(12)13/h4-5,7H,2-3,9H2,1H3,(H,12,13)",CCn1cncc1CC(N)C(=O)O,CCn1cncc1CC(N)C(=O)O,sirius,206.09138691847272,1.9951972,(2R)-2-amino-3-(3-ethylimidazol-4-yl)propanoic acid
513,GLUBLISJVJFHQS,"InChI=1S/C11H14N2O3/c12-9(11(16)13-7-10(14)15)6-8-4-2-1-3-5-8/h1-5,9H,6-7,12H2,(H,13,16)(H,14,15)",NC(Cc1ccccc1)C(O)=NCC(=O)O,NC(Cc1ccccc1)C(=O)NCC(=O)O,sirius,223.1068539069097,2.0939555,2-[[(2R)-2-azaniumyl-3-phenylpropanoyl]amino]acetate
514,NMDDZEVVQDPECF,"InChI=1S/C7H16N2O2/c8-5-3-1-2-4-6(9)7(10)11/h6H,1-5,8-9H2,(H,10,11)",NCCCCCC(N)C(=O)O,NCCCCCC(N)C(=O)O,sirius,183.11171690838955,2.0948446,"(2S)-2,7-diaminoheptanoate"
526,QIVBCDIJIAJPQS,"InChI=1S/C11H12N2O2/c12-9(11(14)15)5-7-6-13-10-4-2-1-3-8(7)10/h1-4,6,9,13H,5,12H2,(H,14,15)",NC(Cc1c[nH]c2ccccc12)C(=O)O,NC(Cc1c[nH]c2ccccc12)C(=O)O,gnps:sirius,205.09514406049365,2.205803,DL-Tryptophan
526,QIVBCDIJIAJPQS,"InChI=1S/C11H12N2O2/c12-9(11(14)15)5-7-6-13-10-4-2-1-3-8(7)10/h1-4,6,9,13H,5,12H2,(H,14,15)",NC(Cc1c[nH]c2ccccc12)C(=O)O,NC(Cc1c[nH]c2ccccc12)C(=O)O,gnps:sirius,205.09514406049365,2.205803,Htrp
527,PLVPPLCLBIEYEA,"InChI=1S/C11H9NO2/c13-11(14)6-5-8-7-12-10-4-2-1-3-9(8)10/h1-7,12H,(H,13,14)",O=C(O)C=Cc1c[nH]c2ccccc12,O=C(O)C=Cc1c[nH]c2ccccc12,sirius,188.0695779553339,2.2078474,Trans-3-Indoleacrylic Acid
537,RUFPHBVGCFYCNW,"InChI=1S/C10H9N/c11-10-7-3-5-8-4-1-2-6-9(8)10/h1-7H,11H2",Nc1cccc2ccccc12,Nc1cccc2ccccc12,sirius,161.10632521391213,2.3240168,Naphthalen-1-Amine
546,LOJSYYKLOBOERC,"InChI=1S/C16H16N6/c1-22-16-13(9-21-22)15(19-10-20-16)17-7-6-11-8-18-14-5-3-2-4-12(11)14/h2-5,8-10,18H,6-7H2,1H3,(H,17,19,20)",Cn1ncc2c(NCCc3c[nH]c4ccccc34)ncnc21,Cn1ncc2c(NCCc3c[nH]c4ccccc34)ncnc21,sirius,293.148361270101,2.4512582,"N-[2-(1H-indol-3-yl)ethyl]-1-methyl-1H-pyrazolo[3,4-d]pyrimidin-4-amine"
571,UFFBMTHBGFGIHF,"InChI=1S/C8H11N/c1-6-4-3-5-7(2)8(6)9/h3-5H,9H2,1-2H3",Cc1cccc(C)c1N,Cc1cccc(C)c1N,sirius,122.09546910326088,3.1420667,"2,6-dimethylaniline"
573,FSNCEEGOMTYXKY,"InChI=1S/C12H12N2O2/c15-12(16)10-5-8-7-3-1-2-4-9(7)14-11(8)6-13-10/h1-4,10,13-14H,5-6H2,(H,15,16)",O=C(O)C1Cc2c([nH]c3ccccc23)CN1,O=C(O)C1Cc2c([nH]c3ccccc23)CN1,sirius,217.09616835040245,3.2182999,Cyclomethyltryptophan
574,WUUGFSXJNOTRMR,"InChI=1S/C11H15N5O3S/c1-20-2-5-7(17)8(18)11(19-5)16-4-15-6-9(12)13-3-14-10(6)16/h3-5,7-8,11,17-18H,2H2,1H3,(H2,12,13,14)",CSCC1OC(n2cnc3c(N)ncnc32)C(O)C1O,CSCC1OC(n2cnc3c(N)ncnc32)C(O)C1O,sirius,298.09560742819406,3.228975,Methylthioadenosine
580,CBJRVSWMDLZAQD,"InChI=1S/C20H32O6/c1-12-4-7-16-19(2,9-8-17(24)20(16,3)11-22)14(12)6-5-13(18(25)26)15(23)10-21/h5,14-17,21-24H,1,4,6-11H2,2-3H3,(H,25,26)",C=C1CCC2C(C)(CO)C(O)CCC2(C)C1CC=C(C(=O)O)C(O)CO,C=C1CCC2C(C)(CO)C(O)CCC2(C)C1CC=C(C(=O)O)C(O)CO,suspect,391.20592742397,3.5638916,"2-(1,2-dihydroxyethyl)-4-[6-hydroxy-5-(hydroxymethyl)-5,8a-dimethyl-2-methylidene-decahydronaphthalen-1-yl]but-2-enoic acid"
582,AUEJLPRZGVVDNU,"InChI=1S/C15H22N2O4/c1-9(2)7-13(15(20)21)17-14(19)12(16)8-10-3-5-11(18)6-4-10/h3-6,9,12-13,18H,7-8,16H2,1-2H3,(H,17,19)(H,20,21)",CC(C)CC(N=C(O)C(N)Cc1ccc(O)cc1)C(=O)O,CC(C)CC(NC(=O)C(N)Cc1ccc(O)cc1)C(=O)O,sirius,295.16370653379727,3.58509,2-[2-amino-3-(4-hydroxyphenyl)propanamido]-4-methylpentanoic acid
585,CFTOTSJVQRFXOF,"InChI=1S/C11H12N2/c1-2-4-10-8(3-1)9-5-6-12-7-11(9)13-10/h1-4,12-13H,5-7H2",c1ccc2c3c([nH]c2c1)CNCC3,c1ccc2c3c([nH]c2c1)CNCC3,sirius,173.10627820036075,3.6616304,Tryptoline
586,SMUQFGGVLNAIOZ,"InChI=1S/C10H9N/c1-8-6-7-9-4-2-3-5-10(9)11-8/h2-7H,1H3",Cc1ccc2ccccc2n1,Cc1ccc2ccccc2n1,sirius,144.0797642713974,3.6704586,2-methylquinoline
589,ZUPHXNBLQCSEIA,"InChI=1S/C13H14N2O2/c1-7-12-9(6-11(14-7)13(16)17)8-4-2-3-5-10(8)15-12/h2-5,7,11,14-15H,6H2,1H3,(H,16,17)",CC1NC(C(=O)O)Cc2c1[nH]c1ccccc21,CC1NC(C(=O)O)Cc2c1[nH]c1ccccc21,sirius,231.1117473455996,3.745764,"2,3,4,9-Tetrahydro-1-Methyl-1H-Pyrido[3,4-B]Indole-3-Carboxylic Acid; (1S,3S)-Form"
644,WEQJQNWXCSUVMA,"InChI=1S/C14H18N2O3/c15-11(9-10-5-2-1-3-6-10)13(17)16-8-4-7-12(16)14(18)19/h1-3,5-6,11-12H,4,7-9,15H2,(H,18,19)",NC(Cc1ccccc1)C(=O)N1CCCC1C(=O)O,NC(Cc1ccccc1)C(=O)N1CCCC1C(=O)O,sirius,263.1376970883654,4.3271947,1-(2-amino-3-phenylpropanoyl)pyrrolidine-2-carboxylic acid
648,FIMNQLUGKXPQNF,"InChI=1S/C17H15FN2O/c18-15-7-3-1-6-14(15)17(21)19-10-9-12-11-20-16-8-4-2-5-13(12)16/h1-8,11,20H,9-10H2,(H,19,21)",OC(=NCCc1c[nH]c2ccccc12)c1ccccc1F,O=C(NCCc1c[nH]c2ccccc12)c1ccccc1F,sirius,283.12516404720265,4.396375,2-fluoro-N-[2-(1H-indol-3-yl)ethyl]benzamide
685,UASVNZGVGLYRNM,"InChI=1S/C19H34N4O6/c1-5-11(4)15(19(28)29)22-17(26)13-7-6-8-23(13)18(27)14(10(2)3)21-16(25)12(20)9-24/h10-15,24H,5-9,20H2,1-4H3,(H,21,25)(H,22,26)(H,28,29)",CCC(C)C(N=C(O)C1CCCN1C(=O)C(N=C(O)C(N)CO)C(C)C)C(=O)O,CCC(C)C(NC(=O)C1CCCN1C(=O)C(NC(=O)C(N)CO)C(C)C)C(=O)O,sirius,415.2524663404177,4.6612997,"(2S,3S)-2-[[(2S)-1-[(2S)-2-[[(2S)-2-amino-3-hydroxypropanoyl]amino]-3-methylbutanoyl]pyrrolidine-2-carbonyl]amino]-3-methylpentanoic acid"
693,JCXZKUZXVQKENT,"InChI=1S/C7H14N2O2/c1-8-2-4-9(5-3-8)6-7(10)11/h2-6H2,1H3,(H,10,11)",CN1CCN(CC(=O)O)CC1,CN1CCN(CC(=O)O)CC1,sirius,181.0959847132506,4.758736,[2-(4-Methylpiperazin-1-yl)acetyl]oxidanium
710,GKXWQOGSNJJLKJ,"InChI=1S/C13H12N2O/c1-8(16)12-13-10(6-7-14-12)9-4-2-3-5-11(9)15-13/h2-8,15-16H,1H3",CC(O)c1nccc2c1[nH]c1ccccc12,CC(O)c1nccc2c1[nH]c1ccccc12,sirius,213.1012619126029,4.8310833,Cordysinin D
717,XGILAAMKEQUXLS,"InChI=1S/C11H11NO3/c13-10(11(14)15)5-7-6-12-9-4-2-1-3-8(7)9/h1-4,6,10,12-13H,5H2,(H,14,15)",O=C(O)C(O)Cc1c[nH]c2ccccc12,O=C(O)C(O)Cc1c[nH]c2ccccc12,sirius,206.0800984213793,4.8711085,Indolelactate
770,SYTYLPHCLSSCOJ,"InChI=1S/C10H8O4/c1-13-9-5-8-6(4-7(9)11)2-3-10(12)14-8/h2-5,11H,1H3",COc1cc2oc(=O)ccc2cc1O,COc1cc2oc(=O)ccc2cc1O,gnps,193.05329683680097,5.0570636,6-Hydroxy-7-methoxycoumarin
773,OLNJUISKUQQNIM,"InChI=1S/C9H7NO/c11-6-7-5-10-9-4-2-1-3-8(7)9/h1-6,10H",O=Cc1c[nH]c2ccccc12,O=Cc1c[nH]c2ccccc12,sirius,146.05905804655515,5.064295,3-Formylindole
807,WHRWRZSKZMYJOX,"InChI=1S/C18H28O10/c1-9(5-3-4-6-10(2)17(25)26)11(7-13(20)21)27-18-16(24)15(23)14(22)12(8-19)28-18/h3-4,6,9,11-12,14-16,18-19,22-24H,5,7-8H2,1-2H3,(H,20,21)(H,25,26)",CC(=CC=CCC(C)C(CC(=O)O)OC1OC(CO)C(O)C(O)C1O)C(=O)O,CC(=CC=CCC(C)C(CC(=O)O)OC1OC(CO)C(O)C(O)C1O)C(=O)O,sirius,427.1556326083591,5.305861,"2,7-dimethyl-8-{[3,4,5-trihydroxy-6-(hydroxymethyl)oxan-2-yl]oxy}deca-2,4-dienedioic acid"
819,QZQNMMLYACBCMJ,"InChI=1S/C12H27NO2/c1-2-3-4-5-6-7-8-13(9-11-14)10-12-15/h14-15H,2-12H2,1H3",CCCCCCCCN(CCO)CCO,CCCCCCCCN(CCO)CCO,sirius,218.2103853954018,5.394247,"Ethanol, 2,2'-(octylimino)bis-"
1264,QEQXQJJHYYIFOY,"InChI=1S/C22H22O10/c23-9-10-30-20(26)17-5-7-18(8-6-17)22(28)32-14-12-29-11-13-31-21(27)16-3-1-15(2-4-16)19(24)25/h1-8,23H,9-14H2,(H,24,25)/p-1",O=C([O-])c1ccc(C(=O)OCCOCCOC(=O)c2ccc(C(=O)OCCO)cc2)cc1,O=C(O)c1ccc(C(=O)OCCOCCOC(=O)c2ccc(C(=O)OCCO)cc2)cc1,sirius,429.1164607960432,6.6327724,BT_env_step0_QEQXQJJHYYIFOY
1317,NKFNBVMJTSYZDV,"InChI=1S/C16H35NO2/c1-2-3-4-5-6-7-8-9-10-11-12-17(13-15-18)14-16-19/h18-19H,2-16H2,1H3",CCCCCCCCCCCCN(CCO)CCO,CCCCCCCCCCCCN(CCO)CCO,sirius,274.27288669555384,6.7462025,
1339,DENWXVJCXRNUNB,"InChI=1S/C18H39NO3/c1-2-3-4-5-6-7-8-9-10-11-12-19(13-15-20)14-17-22-18-16-21/h20-21H,2-18H2,1H3",CCCCCCCCCCCCN(CCO)CCOCCO,CCCCCCCCCCCCN(CCO)CCOCCO,sirius,318.2989398457352,6.810022,PEG-3 lauramine
1378,WGBCSEJHHMTXMJ,"InChI=1S/C18H36O4/c1-3-4-5-6-7-8-11-16(2)12-9-10-13-18(21)22-15-17(20)14-19/h16-17,19-20H,3-15H2,1-2H3",CCCCCCCCC(C)CCCCC(=O)OCC(O)CO,CCCCCCCCC(C)CCCCC(=O)OCC(O)CO,sirius,334.2938182746545,6.86985,"2,3-dihydroxypropyl 6-methyltetradecanoate"
1513,YKPUWZUDDOIDPM,"InChI=1S/C18H27NO3/c1-14(2)8-6-4-5-7-9-18(21)19-13-15-10-11-16(20)17(12-15)22-3/h6,8,10-12,14,20H,4-5,7,9,13H2,1-3H3,(H,19,21)",COc1cc(CN=C(O)CCCCC=CC(C)C)ccc1O,COc1cc(CNC(=O)CCCCC=CC(C)C)ccc1O,sirius,306.2050244679007,7.2264304,Capsaicin
1564,CQKNELOTFUSOTP,"InChI=1S/C18H37NO3/c1-2-3-4-5-6-7-8-9-10-11-12-13-14-17(21)18(22)16(19)15-20/h10-11,16-18,20-22H,2-9,12-15,19H2,1H3",CCCCCCCCCC=CCCCC(O)C(O)C(N)CO,CCCCCCCCCC=CCCCC(O)C(O)C(N)CO,sirius,316.28335460981555,7.417169,"2-aminooctadec-8-ene-1,3,4-triol"
1571,YJXGFSAKPYAXAY,"InChI=1S/C18H35NO2/c1-2-3-4-5-6-7-8-9-10-11-12-13-14-15-18(21)17(19)16-20/h17-18,20-21H,2-13,16,19H2,1H3",CCCCCCCCCCCCCC#CC(O)C(N)CO,CCCCCCCCCCCCCC#CC(O)C(N)CO,sirius,298.272812225658,7.4391084,"2-Amino-4-octadecyne-1,3-diol"
1985,YJXGFSAKPYAXAY,"InChI=1S/C18H35NO2/c1-2-3-4-5-6-7-8-9-10-11-12-13-14-15-18(21)17(19)16-20/h17-18,20-21H,2-13,16,19H2,1H3",CCCCCCCCCCCCCC#CC(O)C(N)CO,CCCCCCCCCCCCCC#CC(O)C(N)CO,sirius,280.2620840158219,8.600188,"2-Amino-4-octadecyne-1,3-diol"
1582,XQRMWPQRQZCZHJ,"InChI=1S/C22H20O9/c23-19-15-1-5-17(6-2-15)21(25)30-13-14-31-22(26)18-7-3-16(4-8-18)20(24)29-12-10-27-9-11-28-19/h1-8H,9-14H2",O=C1OCCOCCOC(=O)c2ccc(cc2)C(=O)OCCOC(=O)c2ccc1cc2,O=C1OCCOCCOC(=O)c2ccc(cc2)C(=O)OCCOC(=O)c2ccc1cc2,sirius,429.1164745042186,7.487894,"3,6,13,16,19-pentaoxatricyclo[19.2.2.2⁸,¹¹]heptacosa-1(23),8,10,21,24,26-hexaene-2,7,12,20-tetrone"
1606,SBNBBOADLKKEOI,"InChI=1S/C24H49NO8/c1-2-3-4-5-6-7-8-9-10-11-12-14-18(27)15-13-16-20(29)25-24(33)23(32)22(31)21(30)19(28)17-26/h18-19,21-24,26-28,30-33H,2-17H2,1H3,(H,25,29)",CCCCCCCCCCCCCC(O)CCCC(O)=NC(O)C(O)C(O)C(O)C(O)CO,CCCCCCCCCCCCCC(O)CCCC(=O)NC(O)C(O)C(O)C(O)C(O)CO,sirius,480.3513257730045,7.5703278,1-(5-Hydroxy octadecamido)-d-glucitol
1607,XJQPQKLURWNAAH,"InChI=1S/C18H29NO3/c1-14(2)8-6-4-5-7-9-18(21)19-13-15-10-11-16(20)17(12-15)22-3/h10-12,14,20H,4-9,13H2,1-3H3,(H,19,21)",COc1cc(CN=C(O)CCCCCCC(C)C)ccc1O,COc1cc(CNC(=O)CCCCCCC(C)C)ccc1O,sirius,308.21944339467046,7.5750556,Dihydrocapsaicin
1667,XCNNHGIVBBMIGV,"InChI=1S/C18H28O4/c1-16(2)10-6-5-8-12-17(20)11-7-3-4-9-13-22-15-18(21)14-19/h9,13,16-21H,5-6,8,10,12,14-15H2,1-2H3",CC(C)CCCCCC(O)C#CC#CC=COCC(O)CO,CC(C)CCCCCC(O)C#CC#CC=COCC(O)CO,suspect,291.1941342320708,7.7810836,"3-[(7-hydroxy-13-methyltetradec-1-en-3,5-diyn-1-yl)oxy]propane-1,2-diol"
1687,OTKJDMGTUTTYMP,"InChI=1S/C18H39NO2/c1-2-3-4-5-6-7-8-9-10-11-12-13-14-15-18(21)17(19)16-20/h17-18,20-21H,2-16,19H2,1H3",CCCCCCCCCCCCCCCC(O)C(N)CO,CCCCCCCCCCCCCCCC(O)C(N)CO,sirius,302.30400749675243,7.8277144,Safingol
1690,MJWIPTSHMLSLFE,"InChI=1S/C20H43NO2/c1-2-3-4-5-6-7-8-9-10-11-12-13-14-15-16-21(17-19-22)18-20-23/h22-23H,2-20H2,1H3",CCCCCCCCCCCCCCCCN(CCO)CCO,CCCCCCCCCCCCCCCCN(CCO)CCO,sirius,330.3352697516996,7.830122,Bis(2-hydroxyethyl)hexadecylammonium
1721,WRPFPNIHTOSMKU,"InChI=1S/C23H30N2O/c1-19(2)23(26)25(21-11-7-4-8-12-21)22-14-17-24(18-15-22)16-13-20-9-5-3-6-10-20/h3-12,19,22H,13-18H2,1-2H3",CC(C)C(=O)N(c1ccccc1)C1CCN(CCc2ccccc2)CC1,CC(C)C(=O)N(c1ccccc1)C1CCN(CCc2ccccc2)CC1,sirius,351.24375774339927,7.904678,2-methyl-N-phenyl-N-[1-(2-phenylethyl)piperidin-1-ium-4-yl]propanamide
1762,JVEXQSVXUSNXKX,"InChI=1S/C27H50/c1-7-8-17-26(5)18-10-13-22-24(26)16-19-27(6)23(14-15-25(22)27)21(4)12-9-11-20(2)3/h20-25H,7-19H2,1-6H3",CCCCC1(C)CCCC2C1CCC1(C)C(C(C)CCCC(C)C)CCC21,CCCCC1(C)CCCC2C1CCC1(C)C(C(C)CCCC(C)C)CCC21,suspect,397.3812878057437,8.028835,"4,5-Secocholestane"
1787,KZVWEYWJHWNANE,"InChI=1S/C18H30O3/c1-2-3-4-5-6-8-11-14-17(19)15-12-9-7-10-13-16-18(20)21/h3-4,6,8H,2,5,7,9-16H2,1H3,(H,20,21)",CCC=CCC=CCCC(=O)CCCCCCCC(=O)O,CCC=CCC=CCCC(=O)CCCCCCCC(=O)O,suspect,277.2149225118973,8.148336,"9-Oxooctadeca-12,15-dienoic acid"
1818,LTUMRKDLVGQMJU,"InChI=1S/C18H30O/c1-15(2)9-6-10-16(3)11-7-12-17(4)13-8-14-18(5)19/h9,11,13H,6-8,10,12,14H2,1-5H3",CC(=O)CCC=C(C)CCC=C(C)CCC=C(C)C,CC(=O)CCC=C(C)CCC=C(C)CCC=C(C)C,suspect,280.261832092176,8.234664,Farnesylacetone
2370,LTUMRKDLVGQMJU,"InChI=1S/C18H30O/c1-15(2)9-6-10-16(3)11-7-12-17(4)13-8-14-18(5)19/h9,11,13H,6-8,10,12,14H2,1-5H3",CC(=O)CCC=C(C)CCC=C(C)CCC=C(C)C,CC(=O)CCC=C(C)CCC=C(C)CCC=C(C)C,suspect,280.262311868574,9.133426,Farnesylacetone
1824,VLPSMPMCCYWOHM,"InChI=1S/C28H32O14/c1-36-16-9-14(10-17(37-2)23(16)31)5-7-21(29)40-13-20-25(33)26(34)27(35)28(41-20)42-22(30)8-6-15-11-18(38-3)24(32)19(12-15)39-4/h5-12,20,25-28,31-35H,13H2,1-4H3",COc1cc(C=CC(=O)OCC2OC(OC(=O)C=Cc3cc(OC)c(O)c(OC)c3)C(O)C(O)C2O)cc(OC)c1O,COc1cc(C=CC(=O)OCC2OC(OC(=O)C=Cc3cc(OC)c(O)c(OC)c3)C(O)C(O)C2O)cc(OC)c1O,sirius,631.1400514386264,8.262828,"(3,4,5-trihydroxy-6-{[3-(4-hydroxy-3,5-dimethoxyphenyl)prop-2-enoyl]oxy}oxan-2-yl)methyl 3-(4-hydroxy-3,5-dimethoxyphenyl)prop-2-enoate"
1904,WWUZIQQURGPMPG,"InChI=1S/C18H37NO2/c1-2-3-4-5-6-7-8-9-10-11-12-13-14-15-18(21)17(19)16-20/h14-15,17-18,20-21H,2-13,16,19H2,1H3",CCCCCCCCCCCCCC=CC(O)C(N)CO,CCCCCCCCCCCCCC=CC(O)C(N)CO,sirius,300.2882975832593,8.454959,Sphingoid
1924,OWWCANRSILCUCQ,"InChI=1S/C18H30O3/c1-2-3-4-11-14-17(19)15-12-9-7-5-6-8-10-13-16-18(20)21/h2-8,10-11,13-16H2,1H3,(H,20,21)",CCCCCCC(=O)CC#CCCCCCCCC(=O)O,CCCCCCC(=O)CC#CCCCCCCCC(=O)O,suspect,295.2254365265701,8.487236,"9-Octadecynoic acid, 12-oxo-"
1932,AMPZNWGEMPXFMM,"InChI=1S/C18H34O3/c1-2-3-4-5-8-11-14-17(19)15-12-9-6-7-10-13-16-18(20)21/h13,16-17,19H,2-12,14-15H2,1H3,(H,20,21)",CCCCCCCCC(O)CCCCCCC=CC(=O)O,CCCCCCCCC(O)CCCCCCC=CC(=O)O,suspect,299.2584617054071,8.519559,10-Hydroxyoctadec-2-enoic acid
2786,AMPZNWGEMPXFMM,"InChI=1S/C18H34O3/c1-2-3-4-5-8-11-14-17(19)15-12-9-6-7-10-13-16-18(20)21/h13,16-17,19H,2-12,14-15H2,1H3,(H,20,21)",CCCCCCCCC(O)CCCCCCC=CC(=O)O,CCCCCCCCC(O)CCCCCCC=CC(=O)O,suspect,281.24628819354194,9.580441,10-Hydroxyoctadec-2-enoic acid
1936,BLGILOAHRARWOX,"InChI=1S/C37H62O8/c1-4-5-16-23-32(38)24-18-13-10-11-14-19-25-34(40)35(41)26-21-28-37(43)45-30-33(39)29-44-36(42)27-20-15-9-7-6-8-12-17-22-31(2)3/h5,10-11,13-14,16,18-19,24-25,31-35,38-41H,4,6-9,12,15,17,20-23,26-30H2,1-3H3",CCC=CCC(O)C=CC=CC=CC=CC(O)C(O)CCCC(=O)OCC(O)COC(=O)CCCCCCCCCCC(C)C,CCC=CCC(O)C=CC=CC=CC=CC(O)C(O)CCCC(=O)OCC(O)COC(=O)CCCCCCCCCCC(C)C,sirius,635.4540546697577,8.523807,
1949,LHWJKUKEUOFSME,"InChI=1S/C16H30/c1-13(2)16-10-8-15(9-11-16)12-14-6-4-3-5-7-14/h13-16H,3-12H2,1-2H3",CC(C)C1CCC(CC2CCCCC2)CC1,CC(C)C1CCC(CC2CCCCC2)CC1,suspect,245.2251999977757,8.534669,4-Isopropyldicyclohexylmethane
1996,UHISGSDYAIIBMO,"InChI=1S/C33H58O14/c1-2-3-4-5-6-7-8-9-10-11-12-13-14-15-16-17-25(36)43-19-22(35)20-44-32-31(42)29(40)27(38)24(47-32)21-45-33-30(41)28(39)26(37)23(18-34)46-33/h6-7,9-10,22-24,26-35,37-42H,2-5,8,11-21H2,1H3",CCCCCC=CCC=CCCCCCCCC(=O)OCC(O)COC1OC(COC2OC(CO)C(O)C(O)C2O)C(O)C(O)C1O,CCCCCC=CCC=CCCCCCCCC(=O)OCC(O)COC1OC(COC2OC(CO)C(O)C(O)C2O)C(O)C(O)C1O,sirius,696.4139978711994,8.669107,Gingerglycolipid B
2039,WECGLUPZRHILCT,"InChI=1S/C21H38O4/c1-2-3-4-5-6-7-8-9-10-11-12-13-14-15-16-17-21(24)25-19-20(23)18-22/h6-7,9-10,20,22-23H,2-5,8,11-19H2,1H3",CCCCCC=CCC=CCCCCCCCC(=O)OCC(O)CO,CCCCCC=CCC=CCCCCCCCC(=O)OCC(O)CO,sirius:suspect,355.28242868716234,8.719025,1-Monolinolein
2218,WECGLUPZRHILCT,"InChI=1S/C21H38O4/c1-2-3-4-5-6-7-8-9-10-11-12-13-14-15-16-17-21(24)25-19-20(23)18-22/h6-7,9-10,20,22-23H,2-5,8,11-19H2,1H3",CCCCCC=CCC=CCCCCCCCC(=O)OCC(O)CO,CCCCCC=CCC=CCCCCCCCC(=O)OCC(O)CO,suspect,355.2807273112806,8.959917,1-Monolinolein
2397,WECGLUPZRHILCT,"InChI=1S/C21H38O4/c1-2-3-4-5-6-7-8-9-10-11-12-13-14-15-16-17-21(24)25-19-20(23)18-22/h6-7,9-10,20,22-23H,2-5,8,11-19H2,1H3",CCCCCC=CCC=CCCCCCCCC(=O)OCC(O)CO,CCCCCC=CCC=CCCCCCCCC(=O)OCC(O)CO,sirius:suspect,355.2824330710812,9.172672,1-Monolinolein
2099,GWLJUAYGDYEJLV,"InChI=1S/C18H36O3/c1-16(2)13-11-9-7-5-3-4-6-8-10-12-14-17(19)15-18(20)21/h16-17,19H,3-15H2,1-2H3,(H,20,21)",CC(C)CCCCCCCCCCCCC(O)CC(=O)O,CC(C)CCCCCCCCCCCCC(O)CC(=O)O,suspect,283.26215853844445,8.806186,"Heptadecanoic acid, 3-hydroxy-16-methyl-"
2137,RCPLMGVSRXKXBZ,"InChI=1S/C21H38O4/c1-2-3-4-5-6-7-8-9-10-11-12-13-14-15-16-17-21(24)25-19-20(23)18-22/h3-4,9-10,20,22-23H,2,5-8,11-19H2,1H3",CCC=CCCCCC=CCCCCCCCC(=O)OCC(O)CO,CCC=CCCCCC=CCCCCCCCC(=O)OCC(O)CO,sirius,355.281981892998,8.84849,BT_env_step1_RCPLMGVSRXKXBZ
2169,MJOKHGMXPJXFTG,"InChI=1S/C21H40O4/c1-3-5-7-14-18-24-20(22)16-12-10-9-11-13-17-21(23)25-19-15-8-6-4-2/h3-19H2,1-2H3",CCCCCCOC(=O)CCCCCCCC(=O)OCCCCCC,CCCCCCOC(=O)CCCCCCCC(=O)OCCCCCC,suspect,357.29837380253645,8.891225,Dihexyl azelate
2191,GGJRAQULURVTAJ,"InChI=1S/C21H36O4/c1-2-3-4-5-6-7-8-9-10-11-12-13-14-15-16-17-21(24)25-19-20(23)18-22/h3-4,6-7,9-10,20,22-23H,2,5,8,11-19H2,1H3",CCC=CCC=CCC=CCCCCCCCC(=O)OCC(O)CO,CCC=CCC=CCC=CCCCCCCCC(=O)OCC(O)CO,suspect,353.2671615528618,8.921989,"2,3-dihydroxypropyl octadeca-9,12,15-trienoate"
2269,GGJRAQULURVTAJ,"InChI=1S/C21H36O4/c1-2-3-4-5-6-7-8-9-10-11-12-13-14-15-16-17-21(24)25-19-20(23)18-22/h3-4,6-7,9-10,20,22-23H,2,5,8,11-19H2,1H3",CCC=CCC=CCC=CCCCCCCCC(=O)OCC(O)CO,CCC=CCC=CCC=CCCCCCCCC(=O)OCC(O)CO,suspect,353.26719931561024,9.0241785,"2,3-dihydroxypropyl octadeca-9,12,15-trienoate"
2176,GMHIDDPMECYTQN,"InChI=1S/C30H48O16/c1-11(31)42-10-23-25(39)26(40)28(46-29(41)13-5-19(36)24(38)20(37)6-13)30(45-23)44-22-9-15-17(34)7-14(32)8-21(15)43-27(22)12-2-3-16(33)18(35)4-12/h12-28,30,32-40H,2-10H2,1H3",CC(=O)OCC1OC(OC2CC3C(O)CC(O)CC3OC2C2CCC(O)C(O)C2)C(OC(=O)C2CC(O)C(O)C(O)C2)C(O)C1O,CC(=O)OCC1OC(OC2CC3C(O)CC(O)CC3OC2C2CCC(O)C(O)C2)C(OC(=O)C2CC(O)C(O)C(O)C2)C(O)C1O,sirius,703.253194784681,8.942475,"[6-(acetyloxymethyl)-2-[[2-(3,4-dihydroxycyclohexyl)-5,7-dihydroxy-3,4,4a,5,6,7,8,8a-octahydro-2H-chromen-1-ium-3-yl]oxy]-4,5-dihydroxyoxan-3-yl] 3,4,5-trihydroxycyclohexane-1-carboxylate"
2210,XRLCEWWZNPSDGB,"InChI=1S/C21H41O12P/c1-2-3-4-5-6-7-8-9-10-11-15(23)31-12-14(22)13-32-34(29,30)33-21-19(27)17(25)16(24)18(26)20(21)28/h14,16-22,24-28H,2-13H2,1H3,(H,29,30)",CCCCCCCCCCCC(=O)OCC(O)COP(=O)(O)OC1C(O)C(O)C(O)C(O)C1O,CCCCCCCCCCCC(=O)OCC(O)COP(=O)(O)OC1C(O)C(O)C(O)C(O)C1O,sirius,539.2215353510124,8.953177,1-Dodecanoyl-glycero-3-phospho-(1'-myo-inositol)
2206,LBHUIJRTHBBWHP,"InChI=1S/C27H48O9/c1-2-3-4-5-6-7-8-9-10-11-12-13-14-15-16-17-23(30)34-19-21(29)20-35-27-26(33)25(32)24(31)22(18-28)36-27/h6-7,9-10,21-22,24-29,31-33H,2-5,8,11-20H2,1H3",CCCCCC=CCC=CCCCCCCCC(=O)OCC(O)COC1OC(CO)C(O)C(O)C1O,CCCCCC=CCC=CCCCCCCCC(=O)OCC(O)COC1OC(CO)C(O)C(O)C1O,sirius:suspect,534.3619781819897,8.953208,"2-hydroxy-3-{[3,4,5-trihydroxy-6-(hydroxymethyl)oxan-2-yl]oxy}propyl octadeca-9,12-dienoate"
2227,WKQNRCYKYCKESD,"InChI=1S/C26H48NO7P/c1-5-6-7-8-9-10-11-12-13-14-15-16-17-18-19-20-26(29)32-23-25(28)24-34-35(30,31)33-22-21-27(2,3)4/h6-7,9-10,12-13,25,28H,5,8,11,14-24H2,1-4H3/p+1",CCC=CCC=CCC=CCCCCCCCC(=O)OCC(O)COP(=O)(O)OCC[N+](C)(C)C,CCC=CCC=CCC=CCCCCCCCC(=O)OCC(O)COP(=O)(O)OCC[N+](C)(C)C,suspect,518.3225016966758,8.973403,"2-[hydroxy-[2-hydroxy-3-[(9E,12E,15E)-octadeca-9,12,15-trienoyl]oxypropoxy]phosphoryl]oxyethyl-trimethylazanium"
2242,GOECIRGMYVJNBS,"InChI=1S/C21H38O3/c1-15(14-18(22)24-6)8-9-17-20(4)12-7-11-19(2,3)16(20)10-13-21(17,5)23/h15-17,23H,7-14H2,1-6H3",COC(=O)CC(C)CCC1C(C)(O)CCC2C(C)(C)CCCC21C,COC(=O)CC(C)CCC1C(C)(O)CCC2C(C)(C)CCCC21C,suspect,339.2879320125978,8.994156,"methyl 5-(2-hydroxy-2,5,5,8a-tetramethyl-decahydronaphthalen-1-yl)-3-methylpentanoate"
2249,RVNAQNUKCZKJCP,"InChI=1S/C21H42O5/c1-2-3-4-11-14-19(23)15-12-9-7-5-6-8-10-13-16-21(25)26-18-20(24)17-22/h19-20,22-24H,2-18H2,1H3",CCCCCCC(O)CCCCCCCCCCC(=O)OCC(O)CO,CCCCCCC(O)CCCCCCCCCCC(=O)OCC(O)CO,sirius:suspect,357.29844722553645,8.997216,"2,3-dihydroxypropyl 12-hydroxyoctadecanoate"
2349,RVNAQNUKCZKJCP,"InChI=1S/C21H42O5/c1-2-3-4-11-14-19(23)15-12-9-7-5-6-8-10-13-16-21(25)26-18-20(24)17-22/h19-20,22-24H,2-18H2,1H3",CCCCCCC(O)CCCCCCCCCCC(=O)OCC(O)CO,CCCCCCC(O)CCCCCCCCCCC(=O)OCC(O)CO,sirius:suspect,357.2983916011129,9.111942,"2,3-dihydroxypropyl 12-hydroxyoctadecanoate"
2465,RVNAQNUKCZKJCP,"InChI=1S/C21H42O5/c1-2-3-4-11-14-19(23)15-12-9-7-5-6-8-10-13-16-21(25)26-18-20(24)17-22/h19-20,22-24H,2-18H2,1H3",CCCCCCC(O)CCCCCCCCCCC(=O)OCC(O)CO,CCCCCCC(O)CCCCCCCCCCC(=O)OCC(O)CO,suspect,357.2982921878924,9.220496,"2,3-dihydroxypropyl 12-hydroxyoctadecanoate"
2303,GJVRGQPYEPLQJL,"InChI=1S/C29H48O2/c1-20(2)12-9-13-21(3)14-10-15-22(4)16-11-18-29(8)19-17-26-25(7)27(30)23(5)24(6)28(26)31-29/h16,20-21,30H,9-15,17-19H2,1-8H3",CC(=CCCC1(C)CCc2c(C)c(O)c(C)c(C)c2O1)CCCC(C)CCCC(C)C,CC(=CCCC1(C)CCc2c(C)c(O)c(C)c(C)c2O1)CCCC(C)CCCC(C)C,sirius:suspect,429.3711574053141,9.059092,"2,5,7,8-tetramethyl-2-(4,8,12-trimethyltridec-3-en-1-yl)-3,4-dihydro-2H-1-benzopyran-6-ol"
2323,YVYMBNSKXOXSKW,"InChI=1S/C21H44NO7P/c1-2-3-4-5-6-7-8-9-10-11-12-13-14-15-21(24)27-18-20(23)19-29-30(25,26)28-17-16-22/h20,23H,2-19,22H2,1H3,(H,25,26)/t20-/m1/s1",CCCCCCCCCCCCCCCC(=O)OC[C@@H](O)COP(=O)(O)OCCN,CCCCCCCCCCCCCCCC(=O)OC[C@@H](O)COP(=O)(O)OCCN,gnps,454.2911652514522,9.078006,Spectral Match to 1-Palmitoyl-2-hydroxy-sn-glycero-3-phosphoethanolamine from NIST14
2350,NFWYGIXMHGBINM,"InChI=1S/C27H50O9/c1-2-3-4-5-6-7-8-9-10-11-12-13-14-15-16-17-23(30)34-19-21(29)20-35-27-26(33)25(32)24(31)22(18-28)36-27/h9-10,21-22,24-29,31-33H,2-8,11-20H2,1H3",CCCCCCCCC=CCCCCCCCC(=O)OCC(O)COC1OC(CO)C(O)C(O)C1O,CCCCCCCCC=CCCCCCCCC(=O)OCC(O)COC1OC(CO)C(O)C(O)C1O,sirius,541.3328751026453,9.112567,"2-hydroxy-3-{[3,4,5-trihydroxy-6-(hydroxymethyl)oxan-2-yl]oxy}propyl octadec-9-enoate"
2445,NFWYGIXMHGBINM,"InChI=1S/C27H50O9/c1-2-3-4-5-6-7-8-9-10-11-12-13-14-15-16-17-23(30)34-19-21(29)20-35-27-26(33)25(32)24(31)22(18-28)36-27/h9-10,21-22,24-29,31-33H,2-8,11-20H2,1H3",CCCCCCCCC=CCCCCCCCC(=O)OCC(O)COC1OC(CO)C(O)C(O)C1O,CCCCCCCCC=CCCCCCCCC(=O)OCC(O)COC1OC(CO)C(O)C(O)C1O,sirius:suspect,536.3779495236839,9.214847,"2-hydroxy-3-{[3,4,5-trihydroxy-6-(hydroxymethyl)oxan-2-yl]oxy}propyl octadec-9-enoate"
2414,XAZWEMSLXPGLAF,"InChI=1S/C26H48NO7P/c1-5-6-7-8-9-10-11-12-13-14-15-16-17-18-19-20-26(29)32-23-25(28)24-34-35(30,31)33-22-21-27(2,3)4/h8-13,25,28H,5-7,14-24H2,1-4H3/p+1",CCCCC=CC=CC=CCCCCCCCC(=O)OCC(O)COP(=O)(O)OCC[N+](C)(C)C,CCCCC=CC=CC=CCCCCCCCC(=O)OCC(O)COP(=O)(O)OCC[N+](C)(C)C,sirius,540.3051719235308,9.175908,"[2-hydroxy-3-[(9Z,11E,13E)-octadeca-9,11,13-trienoyl]oxypropyl] 2-(trimethylazaniumyl)ethyl phosphate"
2472,GFIMPQUXRWWOQN,"InChI=1S/C18H32O/c1-2-3-4-5-6-7-8-9-10-11-12-13-14-15-16-17-18-19/h2,19H,1,3,6-18H2",C=CCC#CCCCCCCCCCCCCCO,C=CCC#CCCCCCCCCCCCCCO,suspect,265.25107552902324,9.222363,17-Octadecen-14-YN-1-OL
2490,FQXSTGKJHBFSIQ,"InChI=1S/C16H33NO/c1-4-5-6-7-8-9-10-11-12-13-14-15-16(18)17(2)3/h4-15H2,1-3H3",CCCCCCCCCCCCCC(=O)N(C)C,CCCCCCCCCCCCCC(=O)N(C)C,sirius,256.2624033262682,9.255095,Dimethyl(tetradecanoyl)azanium
2534,VCDGSBJCRYTLNU,"InChI=1S/C18H31B/c1-12-16-10-13(18(16,2)3)11-17(12)19-14-6-4-7-15(19)9-5-8-14/h12-17H,4-11H2,1-3H3",CC1C(B2C3CCCC2CCC3)CC2CC1C2(C)C,CC1C(B2C3CCCC2CCC3)CC2CC1C2(C)C,suspect,280.24304268003493,9.256469,"9-[(1R,5R)-2,6,6-Trimethylbicyclo[3.1.1]heptane-3-yl]-9-borabicyclo[3.3.1]nonane"
2520,QHZLMUACJMDIAE,"InChI=1S/C19H38O4/c1-2-3-4-5-6-7-8-9-10-11-12-13-14-15-19(22)23-17-18(21)16-20/h18,20-21H,2-17H2,1H3",CCCCCCCCCCCCCCCC(=O)OCC(O)CO,CCCCCCCCCCCCCCCC(=O)OCC(O)CO,sirius,313.272411652207,9.289517,Glyceryl Palmitate
2665,MCLZEUMAJZAYEK,"InChI=1S/C18H32O/c1-15(2)9-6-10-16(3)11-7-12-17(4)13-8-14-18(5)19/h11,13,15H,6-10,12,14H2,1-5H3",CC(=O)CCC=C(C)CCC=C(C)CCCC(C)C,CC(=O)CCC=C(C)CCC=C(C)CCCC(C)C,suspect,282.278337516896,9.419723,"(5Z,9E)-6,10,14-trimethylpentadeca-5,9-dien-2-one"
2667,AMVROEXDYFQCMJ,"InChI=1S/C18H32O/c1-2-3-4-5-6-7-8-9-10-11-12-13-14-15-16-17-18-19/h7-8,12-13,18H,2-6,9-11,14-17H2,1H3",CCCCCCC=CCCCC=CCCCCC=O,CCCCCCC=CCCCC=CCCCCC=O,suspect,265.2514334306834,9.420394,"Octadeca-6,11-dienal"
2747,DHSJVRGJYFXIKE,"InChI=1S/C28H42N6O5/c1-18(2)16-21(24(36)31-17-23(30)35)32-25(37)22-10-7-13-34(22)27(39)28(20-8-5-4-6-9-20)11-14-33(15-12-28)26(38)19(3)29/h4-6,8-9,18-19,21-22H,7,10-17,29H2,1-3H3,(H2,30,35)(H,31,36)(H,32,37)",CC(C)CC(N=C(O)C1CCCN1C(=O)C1(c2ccccc2)CCN(C(=O)C(C)N)CC1)C(O)=NCC(=N)O,CC(C)CC(NC(=O)C1CCCN1C(=O)C1(c2ccccc2)CCN(C(=O)C(C)N)CC1)C(=O)NCC(N)=O,suspect,543.3289841961314,9.546842,
2754,DPUHOWDIWWPPIP,"InChI=1S/C18H34O2/c1-2-3-4-5-6-7-8-9-10-11-12-13-14-15-16-17-18(19)20/h2-3H,4-17H2,1H3,(H,19,20)",CC=CCCCCCCCCCCCCCCC(=O)O,CC=CCCCCCCCCCCCCCCC(=O)O,suspect,265.2512870122996,9.5602865,octadec-16-enoic acid
2764,RZRNAYUHWVFMIP,"InChI=1S/C21H40O4/c1-2-3-4-5-6-7-8-9-10-11-12-13-14-15-16-17-21(24)25-19-20(23)18-22/h9-10,20,22-23H,2-8,11-19H2,1H3",CCCCCCCCC=CCCCCCCCC(=O)OCC(O)CO,CCCCCCCCC=CCCCCCCCC(=O)OCC(O)CO,sirius,357.2985417975451,9.564277,Monoolein
2779,RTJZUCGIUVBZCN,"InChI=1S/C18H32O2/c1-2-3-4-5-6-7-8-9-10-11-12-13-14-15-16-17-18(19)20/h7-8,12-13H,2-6,9-11,14-17H2,1H3,(H,19,20)",CCCCCCC=CCCCC=CCCCCC(=O)O,CCCCCCC=CCCCC=CCCCCC(=O)O,suspect,245.2252358918754,9.574353,"octadeca-6,11-dienoic acid"
2792,KVXHICLGXOIJMS,"InChI=1S/C27H50/c1-22(23-14-8-5-9-15-23)20-27(4,25-18-12-7-13-19-25)21-26(2,3)24-16-10-6-11-17-24/h22-25H,5-21H2,1-4H3",CC(CC(C)(CC(C)(C)C1CCCCC1)C1CCCCC1)C1CCCCC1,CC(CC(C)(CC(C)(C)C1CCCCC1)C1CCCCC1)C1CCCCC1,suspect,397.381365923102,9.593125,"Cyclohexane, 1,1',1''-(1,1,3,5-tetramethyl-1,3,5-pentanetriyl)tris-"
2882,MERYNSZPMUCSRA,"InChI=1S/C40H62O2/c1-29(17-13-19-31(3)21-23-37-33(5)25-35(41)27-39(37,7)8)15-11-12-16-30(2)18-14-20-32(4)22-24-38-34(6)26-36(42)28-40(38,9)10/h15-16,19-24,35-36,41-42H,11-14,17-18,25-28H2,1-10H3",CC(C=CC1=C(C)CC(O)CC1(C)C)=CCCC(C)=CCCC=C(C)CCC=C(C)C=CC1=C(C)CC(O)CC1(C)C,CC(C=CC1=C(C)CC(O)CC1(C)C)=CCCC(C)=CCCC=C(C)CCC=C(C)C=CC1=C(C)CC(O)CC1(C)C,sirius,575.4814641127916,9.713603,"(1S)-4-[(1E,3E,7E,11Z,15E,17E)-18-[(4S)-4-hydroxy-2,6,6-trimethylcyclohexen-1-yl]-3,7,12,16-tetramethyloctadeca-1,3,7,11,15,17-hexaenyl]-3,5,5-trimethylcyclohex-3-en-1-ol"
2890,NTFWIZFDGQXHJM,"InChI=1S/C29H48/c1-19(2)21(4)8-9-22(5)25-12-13-26-24-11-10-23-18-20(3)14-16-28(23,6)27(24)15-17-29(25,26)7/h8-10,19-22,24-27H,11-18H2,1-7H3",CC1CCC2(C)C(=CCC3C2CCC2(C)C(C(C)C=CC(C)C(C)C)CCC32)C1,CC1CCC2(C)C(=CCC3C2CCC2(C)C(C(C)C=CC(C)C(C)C)CCC32)C1,suspect,397.3814015932188,9.73503,"(3S,9S,10R,13R,14S,17R)-17-[(E,2R,5R)-5,6-dimethylhept-3-en-2-yl]-3,10,13-trimethyl-2,3,4,7,8,9,11,12,14,15,16,17-dodecahydro-1H-cyclopenta[a]phenanthrene"
2910,YNDYKPRNFWPPFU,"InChI=1S/C19H39O7P/c1-2-3-4-5-6-7-8-9-10-11-12-13-14-15-19(21)25-16-18(20)17-26-27(22,23)24/h18,20H,2-17H2,1H3,(H2,22,23,24)",CCCCCCCCCCCCCCCC(=O)OCC(O)COP(=O)(O)O,CCCCCCCCCCCCCCCC(=O)OCC(O)COP(=O)(O)O,sirius,433.2334715941956,9.7581415,[3-(hexadecanoyloxy)-2-hydroxypropoxy]phosphonic acid
2915,ASWBNKHCZGQVJV,"InChI=1S/C24H50NO7P/c1-5-6-7-8-9-10-11-12-13-14-15-16-17-18-24(27)30-21-23(26)22-32-33(28,29)31-20-19-25(2,3)4/h23,26H,5-22H2,1-4H3/p+1",CCCCCCCCCCCCCCCC(=O)OCC(O)COP(=O)(O)OCC[N+](C)(C)C,CCCCCCCCCCCCCCCC(=O)OCC(O)COP(=O)(O)OCC[N+](C)(C)C,sirius,496.3381825805188,9.763247,1-Palmitoyl-sn-glycero-3-phosphocholine-d9
2943,LYRFLYHAGKPMFH,"InChI=1S/C18H37NO/c1-2-3-4-5-6-7-8-9-10-11-12-13-14-15-16-17-18(19)20/h2-17H2,1H3,(H2,19,20)",CCCCCCCCCCCCCCCCCC(=N)O,CCCCCCCCCCCCCCCCCC(N)=O,sirius,284.2923645711572,9.849944,octadecanamide
3031,LXKCZUOSRQSRHW,"InChI=1S/C18H36O3/c1-2-3-4-5-6-7-8-9-10-11-14-17(19)15-12-13-16-18(20)21/h17,19H,2-16H2,1H3,(H,20,21)",CCCCCCCCCCCCC(O)CCCCC(=O)O,CCCCCCCCCCCCC(O)CCCCC(=O)O,suspect,283.26204571370863,9.957742,(6R)-6-Hydroxystearic acid
3034,RWSNIMCJNVEZHV,"InChI=1S/C29H46/c1-19(2)21(4)8-9-22(5)25-12-13-26-24-11-10-23-18-20(3)14-16-28(23,6)27(24)15-17-29(25,26)7/h8-11,19-22,25-27H,12-18H2,1-7H3",CC1CCC2(C)C(=CC=C3C2CCC2(C)C3CCC2C(C)C=CC(C)C(C)C)C1,CC1CCC2(C)C(=CC=C3C2CCC2(C)C3CCC2C(C)C=CC(C)C(C)C)C1,sirius:suspect,395.3657282866118,9.959025,"1-(5,6-dimethylhept-3-en-2-yl)-7,9a,11a-trimethyl-1H,2H,3H,3aH,6H,7H,8H,9H,9aH,9bH,10H,11H,11aH-cyclopenta[a]phenanthrene"
3044,LTJTUABPPHTTPQ,"InChI=1S/C27H48N4O6/c1-4-5-6-7-8-9-10-11-12-13-24(35)31-25(20(3)32)27(37)30-22-18-21(33)16-17-28-23(34)15-14-19(2)29-26(22)36/h14-15,19-22,25,32-33H,4-13,16-18H2,1-3H3,(H,28,34)(H,29,36)(H,30,37)(H,31,35)",CCCCCCCCCCCC(O)=NC(C(O)=NC1CC(O)CCN=C(O)C=CC(C)N=C1O)C(C)O,CCCCCCCCCCCC(=O)NC(C(=O)NC1CC(O)CCNC(=O)C=CC(C)NC1=O)C(C)O,suspect,525.3628329591676,9.976537,"N-[3-hydroxy-1-[[(3E)-10-hydroxy-5-methyl-2,7-dioxo-1,6-diazacyclododec-3-en-8-yl]amino]-1-oxobutan-2-yl]dodecanamide"
3077,VBICKXHEKHSIBG,"InChI=1S/C21H42O4/c1-2-3-4-5-6-7-8-9-10-11-12-13-14-15-16-17-21(24)25-19-20(23)18-22/h20,22-23H,2-19H2,1H3",CCCCCCCCCCCCCCCCCC(=O)OCC(O)CO,CCCCCCCCCCCCCCCCCC(=O)OCC(O)CO,sirius,359.3142994226598,10.01423,Glyceryl Monostearate
3081,VBICKXHEKHSIBG,"InChI=1S/C21H42O4/c1-2-3-4-5-6-7-8-9-10-11-12-13-14-15-16-17-21(24)25-19-20(23)18-22/h20,22-23H,2-19H2,1H3",CCCCCCCCCCCCCCCCCC(=O)OCC(O)CO,CCCCCCCCCCCCCCCCCC(=O)OCC(O)CO,sirius,341.30376257684844,10.014914,Glyceryl Monostearate
3103,PDRAHDYJNDYBNK,"InChI=1S/C39H78N2O5/c1-3-5-7-9-11-13-15-17-19-21-23-25-27-29-38(45)40(31-33-42)35-37(44)36-41(32-34-43)39(46)30-28-26-24-22-20-18-16-14-12-10-8-6-4-2/h37,42-44H,3-36H2,1-2H3",CCCCCCCCCCCCCCCC(=O)N(CCO)CC(O)CN(CCO)C(=O)CCCCCCCCCCCCCCC,CCCCCCCCCCCCCCCC(=O)N(CCO)CC(O)CN(CCO)C(=O)CCCCCCCCCCCCCCC,suspect,693.5520211356612,10.031733,Hydroxypropyl bispalmitamide monoethanolamide
3109,LBHQTVBKPMHICN,"InChI=1S/C20H39NO/c1-2-3-4-5-6-7-8-9-10-11-12-13-14-15-16-17-18-19-20(21)22/h9-10H,2-8,11-19H2,1H3,(H2,21,22)",CCCCCCCCC=CCCCCCCCCCC(=N)O,CCCCCCCCC=CCCCCCCCCCC(N)=O,suspect,310.30922953177003,10.046849,trans-11-icosenamide
3127,JZWNYZVVZXZRRH,"InChI=1S/C24H46NO9P/c1-2-3-4-5-6-7-8-9-10-11-12-13-14-15-16-17-23(27)32-18-21(26)19-33-35(30,31)34-20-22(25)24(28)29/h9-10,21-22,26H,2-8,11-20,25H2,1H3,(H,28,29)(H,30,31)",CCCCCCCCC=CCCCCCCCC(=O)OCC(O)COP(=O)(O)OCC(N)C(=O)O,CCCCCCCCC=CCCCCCCCC(=O)OCC(O)COP(=O)(O)OCC(N)C(=O)O,suspect,524.297057961262,10.093249,
3133,OBFSLMQLPNKVRW,"InChI=1S/C36H69NO3/c1-3-5-7-9-11-13-15-17-18-20-22-24-26-28-30-32-36(40)37-34(33-38)35(39)31-29-27-25-23-21-19-16-14-12-10-8-6-4-2/h17-18,29,31,34-35,38-39H,3-16,19-28,30,32-33H2,1-2H3,(H,37,40)",CCCCCCCCC=CCCCCCCCC(O)=NC(CO)C(O)C=CCCCCCCCCCCCCC,CCCCCCCCC=CCCCCCCCC(=O)NC(CO)C(O)C=CCCCCCCCCCCCCC,suspect,580.5282047541954,10.105069,N-Oleoylsphingosine
3171,HHOGWFNRRRCYSF,"InChI=1S/C25H52NO7P/c1-6-7-8-9-10-11-12-13-14-15-16-17-18-20-30-22-25(33-24(2)27)23-32-34(28,29)31-21-19-26(3,4)5/h25H,6-23H2,1-5H3/p+1",CCCCCCCCCCCCCCCOCC(COP(=O)(O)OCC[N+](C)(C)C)OC(C)=O,CCCCCCCCCCCCCCCOCC(COP(=O)(O)OCC[N+](C)(C)C)OC(C)=O,suspect,510.3537709304336,10.196097,1-Pentadecyl-2-acetyl-sn-glycero-3-phosphocholine
3224,KLDPZQUTZLGXFN,"InChI=1S/C21H39O7P/c1-2-3-4-5-6-7-8-9-10-11-12-13-14-15-16-17-21(23)27-18-20(22)19-28-29(24,25)26/h20,22H,2-8,11-19H2,1H3,(H2,24,25,26)",CCCCCCCCC#CCCCCCCCC(=O)OCC(O)COP(=O)(O)O,CCCCCCCCC#CCCCCCCCC(=O)OCC(O)COP(=O)(O)O,sirius,457.2311477309881,10.325459,(2-Hydroxy-3-phosphonooxypropyl) octadec-9-ynoate
3225,ZQTAMPRZFOOEEP,"InChI=1S/C21H39O7P/c1-2-3-4-5-6-7-8-9-10-11-12-13-14-15-16-17-21(23)27-18-20(22)19-28-29(24,25)26/h6-7,9-10,20,22H,2-5,8,11-19H2,1H3,(H2,24,25,26)",CCCCCC=CCC=CCCCCCCCC(=O)OCC(O)COP(=O)(O)O,CCCCCC=CCC=CCCCCCCCC(=O)OCC(O)COP(=O)(O)O,sirius,435.2493621463951,10.326053,"[2-hydroxy-3-(octadeca-9,12-dienoyloxy)propoxy]phosphonic acid"
3285,VJGXREDBXQXDMP,"InChI=1S/C36H63NO2/c1-3-5-7-9-11-13-15-17-19-21-23-25-27-29-31-33-35(38)37-36(39)34-32-30-28-26-24-22-20-18-16-14-12-10-8-6-4-2/h11-14,17-20H,3-10,15-16,21-34H2,1-2H3,(H,37,38,39)",CCCCCC=CCC=CCCCCCCCC(=O)N=C(O)CCCCCCCC=CCC=CCCCCC,CCCCCC=CCC=CCCCCCCCC(=O)NC(=O)CCCCCCCC=CCC=CCCCCC,sirius,542.4914025059604,10.497189,"(9Z,12Z)-N-[(9Z,12Z)-octadeca-9,12-dienoyl]octadeca-9,12-dienamide"
3297,IKBLATQLSDJRSN,"InChI=1S/C36H67NO3/c1-3-5-7-9-11-13-15-17-18-20-22-24-26-28-30-32-36(40)37-34(33-38)35(39)31-29-27-25-23-21-19-16-14-12-10-8-6-4-2/h29,31,34-35,38-39H,3-16,19-28,30,32-33H2,1-2H3,(H,37,40)",CCCCCCCCC#CCCCCCCCC(O)=NC(CO)C(O)C=CCCCCCCCCCCCCC,CCCCCCCCC#CCCCCCCCC(=O)NC(CO)C(O)C=CCCCCCCCCCCCCC,gnps:sirius,562.5138331377451,10.524058,"N-[(E,2S,3R)-1,3-dihydroxyoctadec-4-en-2-yl]octadec-9-ynamide"
3305,MVGFIPNJBNBHNC,"InChI=1S/C42H79NO8/c1-3-5-7-9-11-13-15-17-18-20-22-24-26-28-30-32-38(46)43-35(34-50-42-41(49)40(48)39(47)37(33-44)51-42)36(45)31-29-27-25-23-21-19-16-14-12-10-8-6-4-2/h17-18,29,31,35-37,39-42,44-45,47-49H,3-16,19-28,30,32-34H2,1-2H3,(H,43,46)",CCCCCCCCC=CCCCCCCCC(O)=NC(COC1OC(CO)C(O)C(O)C1O)C(O)C=CCCCCCCCCCCCCC,CCCCCCCCC=CCCCCCCCC(=O)NC(COC1OC(CO)C(O)C(O)C1O)C(O)C=CCCCCCCCCCCCCC,suspect,742.5804445819481,10.536972,"N-(3-hydroxy-1-{[3,4,5-trihydroxy-6-(hydroxymethyl)oxan-2-yl]oxy}octadec-4-en-2-yl)octadec-9-enamide"
3333,DLAWGLXYNHYFNK,"InChI=1S/C34H69NO3/c1-3-5-7-9-11-13-15-16-17-18-20-21-23-25-27-29-33(37)32(31-36)35-34(38)30-28-26-24-22-19-14-12-10-8-6-4-2/h32-33,36-37H,3-31H2,1-2H3,(H,35,38)",CCCCCCCCCCCCCCCCCC(O)C(CO)N=C(O)CCCCCCCCCCCCC,CCCCCCCCCCCCCCCCCC(O)C(CO)NC(=O)CCCCCCCCCCCCC,suspect,556.5280676644148,10.580527,"N-(1,3-dihydroxyicosan-2-yl)tetradecanamide"
3352,MTLRNAKDFBBVEQ,"InChI=1S/C25H49O11P/c1-2-3-4-5-6-7-8-9-10-11-12-13-14-15-16-34-17-19(26)18-35-37(32,33)36-25-23(30)21(28)20(27)22(29)24(25)31/h15-16,19-31H,2-14,17-18H2,1H3,(H,32,33)",CCCCCCCCCCCCCCC=COCC(O)COP(=O)(O)OC1C(O)C(O)C(O)C(O)C1O,CCCCCCCCCCCCCCC=COCC(O)COP(=O)(O)OC1C(O)C(O)C(O)C(O)C1O,sirius,579.2904624776039,10.623225,1-(1Z-hexadecenyl)-glycero-3-phospho-(1'-myo-inositol)
3354,BTRUPJNJODXUNZ,"InChI=1S/C30H51BrO8/c1-25(2,34)21-12-15-27(5,37-21)20(33)11-17-30(35,18-32)24-9-8-22-28(6,38-24)16-13-23(36-22)29(7)14-10-19(31)26(3,4)39-29/h9,19-23,32-35H,8,10-18H2,1-7H3",CC(C)(O)C1CCC(C)(C(O)CCC(O)(CO)C2=CCC3OC(C4(C)CCC(Br)C(C)(C)O4)CCC3(C)O2)O1,CC(C)(O)C1CCC(C)(C(O)CCC(O)(CO)C2=CCC3OC(C4(C)CCC(Br)C(C)(C)O4)CCC3(C)O2)O1,sirius,619.2832293762466,10.629339,"2-[6-(5-bromo-2,6,6-trimethyloxan-2-yl)-8a-methyl-4H,4aH,6H,7H,8H,8aH-pyrano[3,2-b]pyran-2-yl]-5-[5-(2-hydroxypropan-2-yl)-2-methyloxolan-2-yl]pentane-1,2,5-triol"
3402,MIJYXULNPSFWEK,"InChI=1S/C30H48O3/c1-25(2)14-16-30(24(32)33)17-15-28(6)19(20(30)18-25)8-9-22-27(5)12-11-23(31)26(3,4)21(27)10-13-29(22,28)7/h8,20-23,31H,9-18H2,1-7H3,(H,32,33)/t20?,21?,22?,23-,27-,28+,29+,30-/m0/s1",CC1(C)CC[C@]2(C(=O)O)CC[C@]3(C)C(=CCC4[C@@]5(C)CC[C@H](O)C(C)(C)C5CC[C@]43C)C2C1,CC1(C)CC[C@]2(C(=O)O)CC[C@]3(C)C(=CCC4[C@@]5(C)CC[C@H](O)C(C)(C)C5CC[C@]43C)C2C1,gnps:sirius,439.3554134553779,10.739276,"NCGC00168812-02_C30H48O3_Olean-12-en-28-oic acid, 3-hydroxy-, (3beta,5xi,9xi,18xi)-"
3402,VYZWWQXICOFCOH,"InChI=1S/C30H46O2/c1-18-10-15-30-17-16-28(6)20(24(30)19(18)2)8-9-22-27(5)13-12-23(32-25(30)31)26(3,4)21(27)11-14-29(22,28)7/h8,18-19,21-24H,9-17H2,1-7H3",CC1CCC23CCC4(C)C(=CCC5C6(C)CCC(OC2=O)C(C)(C)C6CCC54C)C3C1C,CC1CCC23CCC4(C)C(=CCC5C6(C)CCC(OC2=O)C(C)(C)C6CCC54C)C3C1C,gnps:sirius,439.3554134553779,10.739276,"4,5,11,15,15,19,20-heptamethyl-24-oxahexacyclo[12.8.2.0¹,⁶.0⁷,²⁰.0¹⁰,¹⁹.0¹¹,¹⁶]tetracos-7-en-23-one"
3412,LRYDRKFAXXPWDQ,"InChI=1S/C35H70O4/c1-2-3-4-5-6-7-8-9-10-11-12-13-14-15-16-17-18-19-20-21-22-23-24-25-26-27-28-29-30-31-35(38)39-34(32-36)33-37/h34,36-37H,2-33H2,1H3",CCCCCCCCCCCCCCCCCCCCCCCCCCCCCCCC(=O)OC(CO)CO,CCCCCCCCCCCCCCCCCCCCCCCCCCCCCCCC(=O)OC(CO)CO,suspect,577.5133360804717,10.776955,"1,3-Dihydroxypropan-2-yl dotriacontanoate"
3432,BVJSKAUUFXBDOB,"InChI=1S/C22H45O9P/c1-2-3-4-5-6-7-8-9-10-11-12-13-14-15-22(26)29-17-21(25)19-31-32(27,28)30-18-20(24)16-23/h20-21,23-25H,2-19H2,1H3,(H,27,28)",CCCCCCCCCCCCCCCC(=O)OCC(O)COP(=O)(O)OCC(O)CO,CCCCCCCCCCCCCCCC(=O)OCC(O)COP(=O)(O)OCC(O)CO,sirius,507.2674750726492,10.812394,"(2,3-dihydroxypropoxy)[3-(hexadecanoyloxy)-2-hydroxypropoxy]phosphinic acid"
3433,YQZINSNQYJSGEU,"InChI=1S/C34H65NO3/c1-3-5-7-9-11-13-14-15-16-17-18-19-20-22-24-26-28-30-34(38)35-32(31-36)33(37)29-27-25-23-21-12-10-8-6-4-2/h23,25,27,29,32-33,36-37H,3-22,24,26,28,30-31H2,1-2H3,(H,35,38)",CCCCCCCC=CC=CC(O)C(CO)N=C(O)CCCCCCCCCCCCCCCCCCC,CCCCCCCC=CC=CC(O)C(CO)NC(=O)CCCCCCCCCCCCCCCCCCC,suspect,518.4913822371495,10.816677,"N-(1,3-dihydroxytetradeca-4,6-dien-2-yl)icosanamide"
3438,YQZINSNQYJSGEU,"InChI=1S/C34H65NO3/c1-3-5-7-9-11-13-14-15-16-17-18-19-20-22-24-26-28-30-34(38)35-32(31-36)33(37)29-27-25-23-21-12-10-8-6-4-2/h23,25,27,29,32-33,36-37H,3-22,24,26,28,30-31H2,1-2H3,(H,35,38)",CCCCCCCC=CC=CC(O)C(CO)N=C(O)CCCCCCCCCCCCCCCCCCC,CCCCCCCC=CC=CC(O)C(CO)NC(=O)CCCCCCCCCCCCCCCCCCC,suspect,536.5019423703735,10.822534,"N-(1,3-dihydroxytetradeca-4,6-dien-2-yl)icosanamide"
3457,UAUDZVJPLUQNMU,"InChI=1S/C22H43NO/c1-2-3-4-5-6-7-8-9-10-11-12-13-14-15-16-17-18-19-20-21-22(23)24/h9-10H,2-8,11-21H2,1H3,(H2,23,24)/b10-9-",CCCCCCCC/C=C\CCCCCCCCCCCC(=N)O,CCCCCCCC/C=C\CCCCCCCCCCCC(N)=O,gnps,675.674016456698,10.883358,"Spectral Match to 13-Docosenamide, (Z)- from NIST14"
3482,OQCXIVSCFNNFEE,"InChI=1S/C29H44O3/c1-20(13-9-14-22(3)19-30)11-8-12-21(2)15-10-17-29(7)18-16-26-25(6)27(31)23(4)24(5)28(26)32-29/h11,14-15,30-31H,8-10,12-13,16-19H2,1-7H3",CC(=CCCC(C)=CCCC(C)=CCCC1(C)CCc2c(C)c(O)c(C)c(C)c2O1)CO,CC(=CCCC(C)=CCCC(C)=CCCC1(C)CCc2c(C)c(O)c(C)c(C)c2O1)CO,sirius,441.33472505915233,10.950402,"2-(13-hydroxy-4,8,12-trimethyltrideca-3,7,11-trien-1-yl)-2,5,7,8-tetramethyl-3,4-dihydro-2H-1-benzopyran-6-ol"
3485,OQCXIVSCFNNFEE,"InChI=1S/C29H44O3/c1-20(13-9-14-22(3)19-30)11-8-12-21(2)15-10-17-29(7)18-16-26-25(6)27(31)23(4)24(5)28(26)32-29/h11,14-15,30-31H,8-10,12-13,16-19H2,1-7H3",CC(=CCCC(C)=CCCC(C)=CCCC1(C)CCc2c(C)c(O)c(C)c(C)c2O1)CO,CC(=CCCC(C)=CCCC(C)=CCCC1(C)CCc2c(C)c(O)c(C)c(C)c2O1)CO,sirius,423.3242376468857,10.952942,"2-(13-hydroxy-4,8,12-trimethyltrideca-3,7,11-trien-1-yl)-2,5,7,8-tetramethyl-3,4-dihydro-2H-1-benzopyran-6-ol"
