CLUSTERID1	CLUSTERID2	ComponentIndex	Cosine	DeltaMZ
923	1440	1	0.7033	-0.001
1413	1440	1	0.7813	-37.695
911	1269	1	0.7742	-47.536
1192	1269	1	0.7428	-113.084
923	946	1	0.7505	107.080
946	1413	1	0.8402	-69.386
923	1043	1	0.8137	-113.084
980	1043	1	0.915	0.000
1043	1077	1	0.7819	-113.084
1043	1471	1	0.7023	75.388
980	1077	1	0.7616	-113.084
919	923	1	0.7006	-125.084
923	980	1	0.8104	-113.084
923	1413	1	0.8117	37.694
923	1471	1	0.7076	-37.695
911	1238	1	0.7101	9.005
972	1238	1	0.721	-0.000
1192	1238	1	0.7485	-56.542
1068	1074	1	0.9219	-0.059
1068	1095	1	0.9089	-0.307
1068	1145	1	0.8122	-56.542
1068	1146	1	0.8329	-56.602
886	911	1	0.7262	-56.542
911	929	1	0.7143	-56.542
911	1192	1	0.7188	65.547
1074	1188	1	0.9004	-113.450
1088	1188	1	0.8831	-112.952
1095	1188	1	0.9076	-113.202
1101	1188	1	0.8719	-112.789
1146	1188	1	0.8672	-56.908
1150	1188	1	0.8888	-56.598
1163	1188	1	0.8694	-56.308
1171	1188	1	0.9011	-56.549
1188	1196	1	0.9562	-0.243
1188	1200	1	0.9289	-0.474
1074	1171	1	0.9042	-56.901
1088	1171	1	0.867	-56.402
1095	1171	1	0.9136	-56.653
1101	1171	1	0.8591	-56.240
1145	1171	1	0.9119	-0.418
1146	1171	1	0.9601	-0.358
1150	1171	1	0.9879	-0.048
1163	1171	1	0.9478	0.241
1171	1222	1	0.873	0.418
1088	1200	1	0.9089	-113.425
1101	1200	1	0.9082	-113.263
1109	1200	1	0.8878	-113.229
1163	1200	1	0.8701	-56.781
1196	1200	1	0.966	-0.231
1074	1088	1	0.9071	-0.498
1074	1095	1	0.9828	-0.248
1074	1101	1	0.8862	-0.661
1074	1109	1	0.8715	-0.694
1074	1145	1	0.871	-56.482
1074	1146	1	0.9066	-56.543
1074	1150	1	0.9068	-56.853
980	1192	1	0.7568	169.625
980	1413	1	0.7443	150.778
1088	1109	1	0.964	-0.196
1095	1109	1	0.9125	-0.446
1101	1109	1	0.9725	-0.033
1109	1163	1	0.8764	-56.448
1109	1196	1	0.8799	-112.998
1088	1101	1	0.9797	-0.163
1095	1101	1	0.9248	-0.413
1101	1163	1	0.8967	-56.481
1101	1196	1	0.8699	-113.032
1088	1163	1	0.9047	-56.644
1146	1163	1	0.8942	-0.600
1150	1163	1	0.9421	-0.290
1163	1196	1	0.9021	-56.551
1145	1146	1	0.9562	-0.060
1145	1150	1	0.9205	-0.370
1145	1222	1	0.9061	0.000
1145	1413	1	0.771	-75.390
1095	1146	1	0.8955	-56.295
1146	1150	1	0.972	-0.310
1146	1222	1	0.8771	0.060
1150	1222	1	0.876	0.370
1088	1095	1	0.9431	0.250
1088	1150	1	0.8574	-56.354
1088	1196	1	0.9107	-113.194
1095	1196	1	0.883	-113.445
1150	1196	1	0.8496	-56.840
1095	1150	1	0.9123	-56.605
526	528	2	0.732	-1.003
526	717	2	0.8125	-0.985
527	717	2	0.7333	-18.011
526	527	2	0.9313	17.026
526	767	2	0.7066	-20.975
2904	3314	4	0.7747	-28.032
2921	3170	5	0.8967	0.000
3000	3170	5	0.9825	0.000
3170	3196	5	0.8321	-73.089
2921	3000	5	0.9093	0.000
3000	3196	5	0.8179	-73.089
49	69	6	0.8556	-0.274
1938	2954	7	0.8362	4.031
1976	2954	7	0.8983	34.042
2272	2954	7	0.7873	-15.995
2380	2954	7	0.8763	-13.979
2472	2954	7	0.8362	-11.964
2503	2954	7	0.9181	-13.979
2791	2954	7	0.8186	18.028
2954	2965	7	0.8394	-18.007
2954	3381	7	0.7961	-18.047
1840	2472	7	0.7466	31.006
1868	2472	7	0.8033	13.907
1901	2472	7	0.7958	31.001
1905	2472	7	0.8198	17.027
2270	2472	7	0.7585	105.043
2472	2754	7	0.9474	-0.000
2472	2872	7	0.9084	-31.042
2472	2965	7	0.752	-29.971
1818	2378	7	0.8177	35.037
1932	2378	7	0.9152	54.033
1791	2380	7	0.8947	15.993
1938	2380	7	0.8577	18.010
2364	2380	7	0.9362	17.080
2380	2503	7	0.9759	0.000
2380	2534	7	0.8348	-17.007
2380	2783	7	0.9662	-0.000
2380	2786	7	0.9231	-18.011
2380	2840	7	0.8466	-45.058
2380	3381	7	0.8469	-32.026
2218	2269	7	0.8395	2.014
2218	2496	7	0.7897	-1.005
2218	2505	7	0.8497	-0.001
2218	2624	7	0.8319	42.008
2218	2786	7	0.8054	74.034
2182	2721	7	0.936	-27.996
2655	2721	7	0.9849	0.289
2665	2721	7	0.9725	0.036
2674	2721	7	0.9851	282.042
2676	2721	7	0.9784	0.105
2700	2721	7	0.9859	-0.017
2721	2723	7	0.9846	-0.141
2721	3109	7	0.8849	-28.066
2721	3114	7	0.912	-28.108
2721	3472	7	0.8743	-56.040
1818	2786	7	0.8648	-0.984
1980	2786	7	0.8604	17.026
2364	2786	7	0.9598	-0.931
2370	2786	7	0.8709	-0.984
2503	2786	7	0.9116	-18.011
2534	2786	7	0.8604	-1.003
2783	2786	7	0.8929	-18.011
1976	2272	7	0.8003	50.037
2272	2783	7	0.8468	-2.016
2272	2840	7	0.7674	-47.073
2272	3381	7	0.8359	-34.042
2155	2190	7	0.752	-57.010
2190	2840	7	0.8004	26.963
2700	3468	7	0.882	-56.057
3109	3468	7	0.9104	-27.973
3456	3468	7	0.9592	0.058
3459	3468	7	0.9452	0.462
3462	3468	7	0.9537	0.134
3467	3468	7	0.9547	0.375
3468	3472	7	0.9831	-0.001
3468	3474	7	0.8903	-0.298
2182	2676	7	0.8624	-28.101
2655	2676	7	0.9744	0.185
2665	2676	7	0.9795	-0.069
2674	2676	7	0.9832	281.938
2676	2700	7	0.9768	0.122
2676	2723	7	0.9823	-0.036
2676	3114	7	0.9664	-28.003
2676	3462	7	0.8618	-56.069
2673	2754	7	0.871	-18.010
2673	3030	7	0.9515	-0.000
1901	2270	7	0.8455	-74.042
2155	2270	7	0.7965	-92.047
2191	2270	7	0.8619	-17.027
2269	2270	7	0.9568	-17.026
2099	2169	7	0.9652	-74.036
2099	2242	7	0.9101	-56.026
2099	2332	7	0.9185	-46.005
2099	2352	7	0.9354	-56.026
2099	2464	7	0.8748	-56.026
2099	2667	7	0.9907	18.011
2099	2754	7	0.9119	18.011
2099	3031	7	0.9892	0.000
2099	3449	7	0.9348	-55.562
2169	2332	7	0.8796	28.031
2332	2352	7	0.9849	-10.021
2332	2667	7	0.9327	64.016
2332	2872	7	0.9359	32.975
2332	3031	7	0.9042	46.005
2332	3449	7	0.8815	-9.557
2754	3030	7	0.902	18.010
1791	2503	7	0.8723	15.993
1791	2783	7	0.9153	15.993
2700	3472	7	0.8929	-56.058
3109	3472	7	0.8978	-27.974
3449	3472	7	0.8786	0.542
3456	3472	7	0.9582	0.058
3459	3472	7	0.9512	0.461
3462	3472	7	0.9639	0.133
3467	3472	7	0.9522	0.375
3472	3474	7	0.8825	-0.298
2242	2311	7	0.9183	-17.936
2249	2311	7	0.8812	0.075
2311	2349	7	0.8457	-0.075
2311	2464	7	0.8453	17.936
2311	2764	7	0.8726	-0.075
2311	3135	7	0.8602	18.042
2352	2464	7	0.9092	0.000
2464	2872	7	0.8702	42.995
2182	2187	7	0.852	-0.035
2169	3109	7	0.882	46.989
2667	3109	7	0.8904	-45.058
3031	3109	7	0.8854	-27.047
3109	3114	7	0.8989	-0.042
3109	3459	7	0.9006	-28.435
3109	3462	7	0.8962	-28.107
3109	3467	7	0.9115	-28.349
3077	3081	7	0.7618	18.011
2169	3031	7	0.982	74.036
2242	3031	7	0.8929	56.026
2352	3031	7	0.9134	56.026
2667	3031	7	0.9901	-18.011
2754	3031	7	0.8803	-18.011
3031	3449	7	0.9307	-55.563
2039	2269	7	0.8137	2.015
2155	2269	7	0.7415	-75.021
2191	2269	7	0.8911	-0.000
2266	2269	7	0.8166	1.003
2269	2505	7	0.8658	-2.015
2242	2465	7	0.9404	-18.010
2249	2465	7	0.8458	0.000
2349	2465	7	0.8449	0.000
2352	2465	7	0.8825	-18.010
2465	2754	7	0.8679	92.047
2465	2764	7	0.9047	-0.000
2465	3077	7	0.8336	-2.016
1818	2370	7	0.8617	-0.000
1980	2370	7	0.8414	18.010
2364	2370	7	0.8622	0.053
2370	2534	7	0.9648	0.019
2370	2624	7	0.7999	-33.010
1868	1881	7	0.9364	-0.073
1932	1976	7	0.8135	-11.998
1932	1977	7	0.8151	2.017
1932	2783	7	0.835	36.023
1787	1905	7	0.7753	-5.063
1905	1923	7	0.8049	-26.963
1905	2155	7	0.8236	4.031
1905	2840	7	0.7971	-26.016
1818	2503	7	0.8458	17.026
1949	2503	7	0.8277	-18.010
1980	2503	7	0.8306	35.037
2364	2503	7	0.938	17.080
2503	2534	7	0.8268	-17.007
2503	2783	7	0.9324	-0.000
2169	2352	7	0.8779	18.010
2352	2667	7	0.9326	74.036
2352	2723	7	0.8565	56.904
2352	2872	7	0.9281	42.995
2352	3449	7	0.8914	0.463
2723	3462	7	0.8716	-56.033
3456	3462	7	0.954	-0.076
3459	3462	7	0.9518	0.328
3462	3467	7	0.9613	-0.241
3462	3474	7	0.8848	-0.164
1938	2840	7	0.7953	-27.047
2840	3381	7	0.8002	13.032
1814	1924	7	0.7606	-2.016
2169	2667	7	0.9846	92.047
2242	2667	7	0.9113	74.036
2667	2754	7	0.9039	0.000
2667	2872	7	0.8849	-31.041
2667	3449	7	0.942	-73.573
2266	2496	7	0.8065	-2.015
2754	2872	7	0.8728	-31.041
1418	2155	7	0.7419	12.948
2169	3467	7	0.8588	18.641
3449	3467	7	0.8896	0.167
3456	3467	7	0.9509	-0.317
3459	3467	7	0.9516	0.086
3467	3474	7	0.8814	0.077
1818	1980	7	0.9251	-18.011
1924	1980	7	0.769	-3.047
1980	2364	7	0.8792	17.957
1980	2534	7	0.8285	18.029
2665	3456	7	0.8682	-56.062
3449	3456	7	0.8876	0.484
3456	3459	7	0.9544	-0.404
3456	3474	7	0.8889	-0.240
2242	3135	7	0.9162	0.106
2249	3135	7	0.8616	18.117
2349	3135	7	0.8419	18.117
2764	3135	7	0.8508	18.117
2363	2505	7	0.7485	204.231
1818	1985	7	0.8279	-0.000
1818	2364	7	0.8717	-0.054
1818	2534	7	0.8643	0.019
2127	2141	7	0.9859	-14.016
2191	2496	7	0.7533	-3.018
2496	2505	7	0.7558	1.004
1985	2155	7	0.7904	2.016
2155	2191	7	0.7936	-75.021
2155	2533	7	0.7444	17.026
2182	2655	7	0.8666	-28.285
2182	2665	7	0.9345	-28.032
2182	2674	7	0.8622	-310.038
2182	2700	7	0.8667	-27.979
2182	2723	7	0.8655	-28.137
2182	3114	7	0.8938	-56.104
2191	2505	7	0.7781	-2.015
2397	2505	7	0.7467	0.001
2505	2624	7	0.84	42.009
1787	1923	7	0.8922	-32.026
1901	1923	7	0.7409	-12.989
2127	2534	7	0.8119	19.014
2364	2534	7	0.8578	0.073
2534	2624	7	0.8054	-33.029
3180	3322	7	0.7708	-14.028
1924	3180	7	0.8021	1.991
1938	2364	7	0.8	0.931
1985	2364	7	0.8091	-0.053
2364	2783	7	0.9125	17.080
1938	1976	7	0.8965	-30.011
1938	3381	7	0.8143	-14.016
2655	2723	7	0.9858	0.148
2665	2723	7	0.9828	-0.105
2674	2723	7	0.9942	281.901
2700	2723	7	0.9869	-0.158
2723	3114	7	0.905	-27.967
2169	2242	7	0.9181	18.010
2169	2754	7	0.889	92.047
2169	3449	7	0.932	18.474
1976	1985	7	0.7934	30.995
1976	2397	7	0.748	-44.026
1976	2783	7	0.8258	48.021
1976	3381	7	0.8181	15.995
1985	2783	7	0.8213	17.026
2397	2624	7	0.7553	42.010
3449	3459	7	0.8945	0.080
3459	3474	7	0.8584	0.163
2655	2665	7	0.9773	0.254
2655	2674	7	0.9902	-281.753
2655	2700	7	0.9907	0.307
2655	3114	7	0.898	-27.819
2655	3474	7	0.8949	-56.049
2039	2191	7	0.7963	2.015
2191	2249	7	0.8819	-4.031
2191	2764	7	0.8911	-4.031
2665	2674	7	0.9869	-282.007
2665	2700	7	0.9877	0.053
2665	3114	7	0.9581	-28.072
2791	2965	7	0.7436	0.021
2039	2764	7	0.8371	-2.016
2242	2764	7	0.8836	-18.011
2249	2764	7	0.9188	-0.000
2349	2764	7	0.8647	-0.000
2242	2754	7	0.9176	74.037
2039	2397	7	0.7789	0.000
2039	2249	7	0.8531	-2.016
2249	2349	7	0.8657	0.000
2674	2700	7	0.9917	282.060
2674	3114	7	0.8989	253.934
2039	2349	7	0.8085	-2.016
2242	2349	7	0.8998	-18.010
2700	3114	7	0.897	-28.125
2783	3381	7	0.8688	-32.026
2965	3381	7	0.7865	-0.040
1423	1431	8	0.8463	-17.026
1423	1434	8	0.8375	0.060
1431	1434	8	0.7813	17.086
2331	3323	9	0.798	-0.000
2430	3323	9	0.7232	-0.000
2573	3323	9	0.7569	-0.000
2905	3323	9	0.942	-0.146
2430	2903	9	0.7209	-0.000
2331	2573	9	0.7729	0.000
2430	2573	9	0.835	0.000
2573	2905	9	0.7259	0.146
2905	2994	9	0.752	-0.146
2331	2430	9	0.8103	0.000
2331	2905	9	0.7845	0.146
3147	3207	10	0.8826	-0.092
1993	2235	11	0.8909	-2.016
2038	2235	11	0.9448	-2.014
2176	2235	11	0.9306	-0.003
2235	2238	11	0.9212	-0.129
2038	2046	11	0.9505	-0.128
2046	2238	11	0.9342	-2.016
2142	2238	11	0.8816	-26.016
2176	2238	11	0.9152	-0.132
2046	2142	11	0.9034	24.000
2868	3333	12	0.8684	-2.025
2881	3333	12	0.7725	-15.995
3133	3333	12	0.8689	24.000
3333	3438	12	0.7304	20.026
3078	3090	12	0.9207	18.011
3078	3305	12	0.9276	28.031
2843	3308	12	0.8212	-28.031
2868	3308	12	0.806	-26.025
3212	3308	12	0.8362	-38.037
3240	3308	12	0.9313	0.000
3243	3308	12	0.811	102.104
3307	3308	12	0.7643	144.042
3308	3438	12	0.8476	44.026
2851	3307	12	0.7169	-190.083
3086	3307	12	0.7179	-134.021
3090	3307	12	0.947	28.032
3214	3307	12	0.7044	-164.068
3240	3307	12	0.7321	-144.041
3297	3307	12	0.7288	-162.056
3305	3307	12	0.9132	18.011
3307	3433	12	0.7	206.078
2548	3086	12	0.7835	-0.003
2686	3086	12	0.9329	-0.019
2843	3086	12	0.8612	-38.052
2851	3086	12	0.9027	-56.062
3086	3090	12	0.7143	-162.052
3086	3214	12	0.8986	30.047
3086	3297	12	0.8742	28.035
3086	3433	12	0.9394	72.057
2548	2686	12	0.8292	0.016
2548	2843	12	0.7877	38.049
2548	2851	12	0.8476	56.059
2548	3212	12	0.7659	48.054
2548	3214	12	0.7942	30.044
2548	3297	12	0.8294	28.032
2548	3433	12	0.7971	72.054
2548	3438	12	0.7248	54.044
2686	3438	12	0.8661	54.028
2843	3438	12	0.8791	15.995
2851	3438	12	0.8533	-2.016
2881	3438	12	0.8084	4.031
3212	3438	12	0.8784	5.989
3214	3438	12	0.8916	24.000
3433	3438	12	0.9485	-18.011
2868	3243	12	0.781	-128.129
3240	3243	12	0.8082	-102.104
2868	3240	12	0.8135	-26.025
2686	2851	12	0.9412	56.044
2843	2851	12	0.8865	18.011
2851	3212	12	0.868	-8.005
2851	3214	12	0.8886	-26.016
2851	3297	12	0.8667	-28.028
2851	3433	12	0.9225	15.995
2686	2843	12	0.8386	38.033
2686	3090	12	0.737	-162.071
2686	3212	12	0.8599	48.039
2686	3214	12	0.8925	30.028
2686	3297	12	0.8512	28.016
2686	3433	12	0.9496	72.039
2843	3212	12	0.8319	10.006
3212	3214	12	0.9079	-18.011
2843	3297	12	0.886	-10.017
2891	3297	12	0.7352	-9.048
2997	3297	12	0.7067	-9.055
3214	3297	12	0.8634	-2.012
3297	3433	12	0.8406	44.022
2843	3214	12	0.8663	-8.005
2843	3433	12	0.8328	34.006
2837	2997	12	0.9077	0.015
2891	2997	12	0.9382	0.007
3090	3305	12	0.7133	10.021
2837	2891	12	0.9148	0.007
814	1032	13	0.7507	357.185
1012	1032	13	0.9392	0.256
1031	1032	13	0.866	-0.075
713	1031	13	0.7965	131.094
814	1031	13	0.7032	357.260
1012	1031	13	0.8539	0.332
814	998	13	0.7288	284.232
814	1012	13	0.7445	356.928
1015	1176	14	0.9761	-0.000
1114	1176	14	0.9989	-0.000
1015	1114	14	0.9793	0.000
1302	1317	15	0.9857	0.374
1303	1317	15	0.9807	0.441
1306	1317	15	0.9838	0.069
1307	1317	15	0.9888	0.214
1302	1303	15	0.9846	-0.067
1303	1306	15	0.9843	0.372
1303	1307	15	0.9824	0.227
1302	1306	15	0.9832	0.305
1302	1307	15	0.9863	0.160
1152	1204	16	0.7343	-56.542
2970	2990	17	0.9104	-0.101
2856	2974	18	0.7251	-0.003
2856	2985	18	0.7595	0.227
2974	2985	18	0.8989	0.229
1667	1684	19	0.8215	-1.019
3201	3246	20	0.7497	0.000
160	179	21	0.8928	-17.972
2350	2457	22	0.7207	0.000
2414	2741	23	0.8983	-2.015
2414	2906	23	0.8878	21.985
2414	3042	23	0.8701	-4.030
2741	3042	23	0.9684	-2.015
2879	3042	23	0.7948	-0.000
2906	3042	23	0.9575	-26.016
2741	2906	23	0.9851	24.000
2227	2915	24	0.8747	21.984
2413	2915	24	0.9542	21.984
2524	2915	24	0.8936	23.999
2739	2915	24	0.9349	24.000
2870	2915	24	0.8697	26.016
2915	3049	24	0.9575	-25.936
2915	3051	24	0.9567	-547.475
2915	3053	24	0.9785	-26.016
2413	2524	24	0.8647	-2.015
2413	2739	24	0.9134	-2.016
2413	2870	24	0.8327	-4.031
2413	3053	24	0.9532	-4.031
2413	3383	24	0.9768	-6.047
2227	3051	24	0.8839	-525.491
2524	3051	24	0.8967	-523.476
2728	3051	24	0.8831	-547.475
2739	3051	24	0.9266	-523.475
2870	3051	24	0.8715	-521.459
3049	3051	24	0.9963	-521.539
3051	3053	24	0.9928	521.459
2227	2524	24	0.9742	-2.015
2227	2728	24	0.9612	21.984
2227	2739	24	0.841	-2.016
2227	2870	24	0.9397	-4.031
2227	3049	24	0.8838	-3.951
2227	3053	24	0.8746	-4.031
2524	2870	24	0.95	-2.016
2524	3049	24	0.8967	-1.936
2524	3053	24	0.8923	-2.016
2739	3049	24	0.9227	-1.936
2870	3049	24	0.8692	0.080
3049	3053	24	0.9947	-0.080
2728	2739	24	0.8536	-24.000
2739	2870	24	0.8359	-2.016
2739	3053	24	0.9472	-2.016
2728	2870	24	0.9289	-26.016
2728	3053	24	0.879	-26.016
2870	3053	24	0.8605	-0.000
2749	3127	24	0.8313	-2.016
3044	3127	24	0.7492	1.066
2870	3044	24	0.7179	-3.009
2340	3482	25	0.7172	-12.018
3482	3485	25	0.752	18.010
2303	2340	25	0.8869	0.054
2340	3485	25	0.7559	5.993
2431	3485	25	0.717	-2.015
2560	2822	26	0.7116	-2.016
410	423	27	0.7625	72.021
2314	2853	28	0.9748	0.004
2411	2479	30	0.957	0.004
1364	2061	31	0.797	-2.020
1364	2597	31	0.751	2.015
3080	3402	32	0.7507	-42.085
2779	3437	32	0.827	-124.121
2890	3437	32	0.7589	28.035
3080	3437	32	0.7867	27.924
2779	3080	32	0.7442	-152.045
2792	3177	32	0.7584	2.016
2890	3177	32	0.7725	2.016
1728	1762	32	0.7435	-0.113
1762	2792	32	0.8127	-0.000
1762	2890	32	0.8467	-0.000
2792	2890	32	0.892	-0.000
2890	3080	32	0.7495	0.111
1094	1197	34	0.7039	-113.084
1139	1197	34	0.7066	-56.542
1140	1197	34	0.754	-56.042
1094	1140	34	0.7366	-57.042
1094	1139	34	0.7784	-56.542
13	48	36	0.9722	-14.016
13	80	36	0.9882	-0.150
80	98	36	0.9519	-2.016
86	98	36	0.8338	-14.016
48	80	36	0.9847	13.865
2794	3310	37	0.8607	-0.000
3257	3310	37	0.8298	0.000
2794	3257	37	0.7381	-0.000
405	480	38	0.854	-33.984
301	378	39	0.8288	0.068
1925	2382	40	0.924	-14.034
1950	2382	40	0.9804	-0.030
1925	1950	40	0.9253	-14.004
1096	1195	42	0.791	-113.084
1562	1564	44	0.8449	0.052
1564	1571	44	0.726	18.011
1996	2037	45	0.955	-0.000
2037	2251	45	0.898	-2.016
2206	2445	45	0.8196	-2.016
2251	2445	45	0.8419	162.052
2445	2466	45	0.7029	56.070
2201	2466	45	0.887	-2.016
2338	2466	45	0.8662	-0.001
1996	2251	45	0.8792	-2.016
2201	2338	45	0.8002	-2.016
2823	2882	46	0.9067	-0.001
2490	2943	47	0.9305	-28.030
2943	3021	47	1.0	0.009
2490	3021	47	0.9305	-28.021
2304	2342	48	0.7429	15.996
2304	2815	48	0.7023	15.997
2579	3186	49	0.9376	-68.063
523	564	50	0.759	-43.990
2679	2702	51	0.7667	12.000
2388	2935	52	0.7016	-56.070
2935	3247	52	0.7523	-28.024
325	409	53	0.7956	-14.016
408	409	53	0.7456	-18.011
409	580	53	0.7131	-97.053
1439	1506	55	0.8263	-0.002
2105	2113	58	0.7246	2.004
2205	3412	61	0.7556	-249.230
2885	3266	62	0.8007	-26.015
553	559	63	0.8696	30.011
352	363	64	0.7118	-162.053
445	471	72	0.8699	0.000
96	99	73	0.872	0.014
1264	1582	76	0.937	0.000
