SpectrumID	#Scan#	SpectrumFile	LibraryName	MQScore	TIC_Query	RT_Query	MZErrorPPM	SharedPeaks	MassDiff	SpecMZ	SpecCharge	FileScanUniqueID	NumberHits	Compound_Name	Ion_Source	Instrument	Compound_Source	PI	Data_Collector	Adduct	Precursor_MZ	ExactMass	Charge	CAS_Number	Pubmed_ID	Smiles	INCHI	INCHI_AUX	Library_Class	IonMode	Organism	LibMZ	UpdateWorkflowName	LibraryQualityString	tags	molecular_formula	InChIKey	InChIKey-Planar	superclass	class	subclass	npclassifier_superclass	npclassifier_class	npclassifier_pathway	library_usi
CCMSLIB00010072084	4349	spectra_filtered.mgf	PNNL-LIPIDS-POSITIVE.mgf	0.972375	140736	0	4.63298	20	0.00335693	724.57	1	temp/spectra_filtered.mgf4349	1	GalCer(d18:2/18:1); [M+H]+ C42H78N1O8	LC-ESI	HCD; Velos	Commercial	Thomas Metz	Thomas Metz	M+H	724.573	0.0	1	N/A	N/A	N/A	N/A	N/A	1	Positive	PNNL-LIPIDS-POSITIVE	724.573	UPDATE-SINGLE-ANNOTATED-GOLD	Gold		N/A	N/A	N/A	N/A	N/A	N/A	N/A	N/A	N/A	mzspec:GNPS:GNPS-LIBRARY:CCMSLIB00010072084
CCMSLIB00010055772	3978	spectra_filtered.mgf	PNNL-LIPIDS-POSITIVE.mgf	0.963806	365150	0	3.38169	9	0.00167847	496.338	1	temp/spectra_filtered.mgf3978	1	PC(0:0/16:0); [M+H]+ C24H51N1O7P1	LC-ESI	HCD; Lumos	Commercial	Thomas Metz	Thomas Metz	M+H	496.34	0.0	1	N/A	N/A	N/A	N/A	N/A	1	Positive	PNNL-LIPIDS-POSITIVE	496.34	UPDATE-SINGLE-ANNOTATED-GOLD	Gold		N/A	N/A	N/A	N/A	N/A	N/A	N/A	N/A	N/A	mzspec:GNPS:GNPS-LIBRARY:CCMSLIB00010055772
CCMSLIB00010099547	3336	spectra_filtered.mgf	PNNL-LIPIDS-POSITIVE.mgf	0.961643	57096	0	3.96338	12	0.00180054	454.291	1	temp/spectra_filtered.mgf3336	1	PE(16:0/0:0); [M+H]+ C21H45N1O7P1	LC-ESI	HCD; Velos	Commercial	Thomas Metz	Thomas Metz	M+H	454.293	0.0	1	N/A	N/A	N/A	N/A	N/A	1	Positive	PNNL-LIPIDS-POSITIVE	454.293	UPDATE-SINGLE-ANNOTATED-GOLD	Gold		N/A	N/A	N/A	N/A	N/A	N/A	N/A	N/A	N/A	mzspec:GNPS:GNPS-LIBRARY:CCMSLIB00010099547
CCMSLIB00012147769	3468	spectra_filtered.mgf	GNPS-SUSPECTLIST.mgf	0.959849	5896	0	2.6733	10	0.00134277	502.289	1	temp/spectra_filtered.mgf3468	1	Suspect related to Spectral Match to 1-Stearoyl-2-hydroxy-sn-glycero-3-phosphoethanolamine from NIST14 (predicted molecular formula SIRIUS: C30H41NO4 / BUDDY: C23H46NO7P) with delta m/z -2.016 (putative explanation: 2-amino-3-oxo-butanoic_acid|Intact disulfide bridge|Val->Pro substitution; atomic difference: -2H|-2H|-2H) [M+Na]+	ESI	Orbitrap	Crude	Pieter Dorrestein	Wout Bittremieux	[M+Na]+	502.29	0.0	1	N/A	N/A	N/A	N/A	N/A	4	Positive	GNPS-SUSPECTLIST	502.29	UPDATE-SINGLE-ANNOTATED-BRONZE	Insilico		N/A	N/A	N/A	N/A	N/A	N/A	N/A	N/A	N/A	mzspec:GNPS:GNPS-LIBRARY:CCMSLIB00012147769
CCMSLIB00012132272	3662	spectra_filtered.mgf	GNPS-SUSPECTLIST.mgf	0.957932	9153	0	9.40634	5	0.00378418	402.297	1	temp/spectra_filtered.mgf3662	1	Suspect related to NCGC00380823-01!2-(14-methylpentadecanoylamino)-3-phenylpropanoic acid (predicted molecular formula SIRIUS: C25H39NO3 / BUDDY: C25H39NO3) with delta m/z -2.016 (putative explanation: 2-amino-3-oxo-butanoic_acid|Intact disulfide bridge|Val->Pro substitution; atomic difference: -2H|-2H|-2H) [M+H]+	LC-ESI	qTof	Crude	Pieter Dorrestein	Wout Bittremieux	[M+H]+	402.301	0.0	1	N/A	N/A	N/A	InChI=1S/C25H41NO3/c1-21(2)16-12-9-7-5-3-4-6-8-10-15-19-24(27)26-23(25(28)29)20-22-17-13-11-14-18-22/h11,13-14,17-18,21,23H,3-10,12,15-16,19-20H2,1-2H3,(H,26,27)(H,28,29) - 2.016 Da	N/A	4	Positive	GNPS-SUSPECTLIST	402.301	UPDATE-SINGLE-ANNOTATED-BRONZE	Insilico		N/A	N/A	N/A	N/A	N/A	N/A	N/A	N/A	N/A	mzspec:GNPS:GNPS-LIBRARY:CCMSLIB00012132272
CCMSLIB00012146849	3955	spectra_filtered.mgf	GNPS-SUSPECTLIST.mgf	0.95656	9845	0	3.76817	5	0.00195312	518.32	1	temp/spectra_filtered.mgf3955	1	Suspect related to Spectral Match to 1-Octadecanoyl-sn-glycero-3-phosphocholine from NIST14 (predicted molecular formula SIRIUS: C31H45NO4 / BUDDY: C24H50NO7P) with delta m/z -28.031 (putative explanation: Desethylation, didemethylation, dealkylation|Met->Cys substitution|Val->Ala substitution; atomic difference: -2C,-4H|-2C,-4H|-2C,-4H) [M+Na]+	ESI	qTof	Crude	Pieter Dorrestein	Wout Bittremieux	[M+Na]+	518.322	0.0	1	N/A	N/A	N/A	N/A	N/A	4	Positive	GNPS-SUSPECTLIST	518.322	UPDATE-SINGLE-ANNOTATED-BRONZE	Insilico		N/A	N/A	N/A	N/A	N/A	N/A	N/A	N/A	N/A	mzspec:GNPS:GNPS-LIBRARY:CCMSLIB00012146849
CCMSLIB00003137091	3329	spectra_filtered.mgf	GNPS-NIST14-MATCHES.mgf	0.956189	10312	0	0.0640758	7	3.05176e-05	476.273	1	temp/spectra_filtered.mgf3329	1	Spectral Match to 1-Palmitoyl-2-hydroxy-sn-glycero-3-phosphoethanolamine from NIST14	ESI	qTof	Isolated	Data from Pieter C Dorrestein	Data deposited by negarg	M+Na	476.273	453.285	1	53862354	N/A	CCCCCCCCCCCCCCCC(=O)OC[C@H](COP(=O)(O)OCCN)O	InChI=1S/C21H44NO7P/c1-2-3-4-5-6-7-8-9-10-11-12-13-14-15-21(24)27-18-20(23)19-29-30(25,26)28-17-16-22/h20,23H,2-19,22H2,1H3,(H,25,26)/t20-/m1/s1	N/A	3	Positive	GNPS-NIST14-MATCHES	476.273	UPDATE-SINGLE-ANNOTATED-BRONZE	Bronze		C21H44NO7P	YVYMBNSKXOXSKW-HXUWFJFHSA-N	YVYMBNSKXOXSKW	Lipids and lipid-like molecules	Glycerophospholipids	Glycerophosphoethanolamines	Glycerophospholipids	Glycerophosphoethanolamines	Fatty acids	mzspec:GNPS:GNPS-LIBRARY:CCMSLIB00003137091
CCMSLIB00010055490	4114	spectra_filtered.mgf	PNNL-LIPIDS-POSITIVE.mgf	0.956007	241159	0	4.3233	14	0.0022583	522.354	1	temp/spectra_filtered.mgf4114	1																																
CCMSLIB00010093117	3771	spectra_filtered.mgf	PNNL-LIPIDS-POSITIVE.mgf	0.955113	166567	0	3.75356	10	0.00195312	520.338	1	temp/spectra_filtered.mgf3771	1																																
CCMSLIB00010088747	3193	spectra_filtered.mgf	PNNL-LIPIDS-POSITIVE.mgf	0.954965	5989	0	4.09773	6	0.00186157	454.291	1	temp/spectra_filtered.mgf3193	1																																
CCMSLIB00010096175	3557	spectra_filtered.mgf	PNNL-LIPIDS-POSITIVE.mgf	0.954301	36132	0	3.98815	5	0.0020752	520.338	1	temp/spectra_filtered.mgf3557	1	PC(18:2/0:0); [M+H]+ C26H51N1O7P1	LC-ESI	HCD; Velos	Commercial	Thomas Metz	Thomas Metz	M+H	520.34	0.0	1	N/A	N/A	N/A	N/A	N/A	1	Positive	PNNL-LIPIDS-POSITIVE	520.34	UPDATE-SINGLE-ANNOTATED-GOLD	Gold		N/A	N/A	N/A	N/A	N/A	N/A	N/A	N/A	N/A	mzspec:GNPS:GNPS-LIBRARY:CCMSLIB00010096175
CCMSLIB00012089517	3287	spectra_filtered.mgf	GNPS-SUSPECTLIST.mgf	0.951669	7324	0	4.00005	9	0.00195312	488.273	1	temp/spectra_filtered.mgf3287	1	Suspect related to 1-Oleoyl-sn-glycero-3-phosphoethanolamine (predicted molecular formula SIRIUS: C22H44NO7P / BUDDY: C22H44NO7P) with delta m/z -14.016 (putative explanation: Ala->Gly substitution|Gln->Asn substitution|Glu->Asp substitution|Leu/Ile->Val substitution|Thr->Ser substitution; atomic difference: -1C,-2H|-1C,-2H|-1C,-2H|-1C,-2H|-1C,-2H) [M+Na]+	ESI	Orbitrap	Crude	Pieter Dorrestein	Wout Bittremieux	[M+Na]+	488.275	0.0	1	N/A	N/A	N/A	InChI=1S/C23H46NO7P/c1-2-3-4-5-6-7-8-9-10-11-12-13-14-15-16-17-23(26)29-20-22(25)21-31-32(27,28)30-19-18-24/h9-10,22,25H,2-8,11-21,24H2,1H3,(H,27,28)/b10-9-/t22-/m1/s1 - 14.016 Da	N/A	4	Positive	GNPS-SUSPECTLIST	488.275	UPDATE-SINGLE-ANNOTATED-BRONZE	Insilico		N/A	N/A	N/A	N/A	N/A	N/A	N/A	N/A	N/A	mzspec:GNPS:GNPS-LIBRARY:CCMSLIB00012089517
CCMSLIB00012145260	4295	spectra_filtered.mgf	GNPS-SUSPECTLIST.mgf	0.950329	34316	0	2.47029	15	0.00177002	716.52	1	temp/spectra_filtered.mgf4295	1	Suspect related to Spectral Match to 1-Hexadecanoyl-2-(9Z-octadecenoyl)-sn-glycero-3-phosphoethanolamine from NIST14 (predicted molecular formula SIRIUS: C39H74NO8P / BUDDY: C39H74NO8P) with delta m/z -2.016 (putative explanation: 2-amino-3-oxo-butanoic_acid|Intact disulfide bridge|Val->Pro substitution; atomic difference: -2H|-2H|-2H) [M+H]+	ESI	Orbitrap	Crude	Pieter Dorrestein	Wout Bittremieux	[M+H]+	716.522	0.0	1	N/A	N/A	N/A	N/A	N/A	4	Positive	GNPS-SUSPECTLIST	716.522	UPDATE-SINGLE-ANNOTATED-BRONZE	Insilico		N/A	N/A	N/A	N/A	N/A	N/A	N/A	N/A	N/A	mzspec:GNPS:GNPS-LIBRARY:CCMSLIB00012145260
CCMSLIB00012146866	3794	spectra_filtered.mgf	GNPS-SUSPECTLIST.mgf	0.949847	10686	0	1.91325	5	0.0010376	542.32	1	temp/spectra_filtered.mgf3794	1	Suspect related to Spectral Match to 1-Octadecanoyl-sn-glycero-3-phosphocholine from NIST14 (predicted molecular formula SIRIUS: C26H50NO7P / BUDDY: C26H50NO7P) with delta m/z -4.031 (putative explanation: x2 reduction (reverse); atomic difference: -4H) [M+Na]+	ESI	qTof	Crude	Pieter Dorrestein	Wout Bittremieux	[M+Na]+	542.321	0.0	1	N/A	N/A	N/A	N/A	N/A	4	Positive	GNPS-SUSPECTLIST	542.321	UPDATE-SINGLE-ANNOTATED-BRONZE	Insilico		N/A	N/A	N/A	N/A	N/A	N/A	N/A	N/A	N/A	mzspec:GNPS:GNPS-LIBRARY:CCMSLIB00012146866
CCMSLIB00012146336	3946	spectra_filtered.mgf	GNPS-SUSPECTLIST.mgf	0.949284	18366	0	35.7273	9	0.0185547	519.323	1	temp/spectra_filtered.mgf3946	1	Suspect related to Spectral Match to 1-Myristoyl-sn-glycero-3-phosphocholine from NIST14 (predicted molecular formula SIRIUS: C21H49N6O5P / BUDDY: C28H44N6O2) with delta m/z 29.049 (putative explanation: unspecified; atomic difference: unspecified) [M+Na]+	ESI	Orbitrap	Crude	Pieter Dorrestein	Wout Bittremieux	[M+Na]+	519.342	0.0	1	N/A	N/A	N/A	N/A	N/A	4	Positive	GNPS-SUSPECTLIST	519.342	UPDATE-SINGLE-ANNOTATED-BRONZE	Insilico		N/A	N/A	N/A	N/A	N/A	N/A	N/A	N/A	N/A	mzspec:GNPS:GNPS-LIBRARY:CCMSLIB00012146336
CCMSLIB00010083555	3744	spectra_filtered.mgf	PNNL-LIPIDS-POSITIVE.mgf	0.948307	21060	0	3.7506	5	0.00186157	496.338	1	temp/spectra_filtered.mgf3744	1	PC(0:0/16:0); [M+H]+ C24H51N1O7P1	LC-ESI	HCD; Velos	Commercial	Thomas Metz	Thomas Metz	M+H	496.34	0.0	1	N/A	N/A	N/A	N/A	N/A	1	Positive	PNNL-LIPIDS-POSITIVE	496.34	UPDATE-SINGLE-ANNOTATED-GOLD	Gold		N/A	N/A	N/A	N/A	N/A	N/A	N/A	N/A	N/A	mzspec:GNPS:GNPS-LIBRARY:CCMSLIB00010083555
CCMSLIB00012089513	3017	spectra_filtered.mgf	GNPS-SUSPECTLIST.mgf	0.945568	3823	0	3.53914	6	0.00167847	474.257	1	temp/spectra_filtered.mgf3017	1	Suspect related to 1-Oleoyl-sn-glycero-3-phosphoethanolamine (predicted molecular formula SIRIUS: C28H37NO4 / BUDDY: C21H42NO7P) with delta m/z -28.031 (putative explanation: Desethylation, didemethylation, dealkylation|Met->Cys substitution|Val->Ala substitution; atomic difference: -2C,-4H|-2C,-4H|-2C,-4H) [M+Na]+	ESI	Orbitrap	Crude	Pieter Dorrestein	Wout Bittremieux	[M+Na]+	474.259	0.0	1	N/A	N/A	N/A	InChI=1S/C23H46NO7P/c1-2-3-4-5-6-7-8-9-10-11-12-13-14-15-16-17-23(26)29-20-22(25)21-31-32(27,28)30-19-18-24/h9-10,22,25H,2-8,11-21,24H2,1H3,(H,27,28)/b10-9-/t22-/m1/s1 - 28.031 Da	N/A	4	Positive	GNPS-SUSPECTLIST	474.259	UPDATE-SINGLE-ANNOTATED-BRONZE	Insilico		N/A	N/A	N/A	N/A	N/A	N/A	N/A	N/A	N/A	mzspec:GNPS:GNPS-LIBRARY:CCMSLIB00012089513
CCMSLIB00003139491	542	spectra_filtered.mgf	GNPS-NIST14-MATCHES.mgf	0.943773	23160	0	13.6307	6	0.00256348	188.07	1	temp/spectra_filtered.mgf542	1																																
CCMSLIB00012144272	4104	spectra_filtered.mgf	GNPS-SUSPECTLIST.mgf	0.943165	9475	0	0.784894	5	0.000427246	544.336	1	temp/spectra_filtered.mgf4104	1																																
CCMSLIB00010056154	4427	spectra_filtered.mgf	PNNL-LIPIDS-POSITIVE.mgf	0.941493	38212	0	5.12145	8	0.00268555	524.369	1	temp/spectra_filtered.mgf4427	1	PC(0:0/18:0); [M+H]+ C26H55N1O7P1	LC-ESI	HCD; Lumos	Commercial	Thomas Metz	Thomas Metz	M+H	524.372	0.0	1	N/A	N/A	N/A	N/A	N/A	1	Positive	PNNL-LIPIDS-POSITIVE	524.372	UPDATE-SINGLE-ANNOTATED-GOLD	Gold		N/A	N/A	N/A	N/A	N/A	N/A	N/A	N/A	N/A	mzspec:GNPS:GNPS-LIBRARY:CCMSLIB00010056154
CCMSLIB00010076575	4117	spectra_filtered.mgf	PNNL-LIPIDS-POSITIVE.mgf	0.934611	11253	0	3.82406	11	0.0022583	590.549	1	temp/spectra_filtered.mgf4117	1	Cer(d18:2/20:1); [M+H]+ C38H72N1O3	LC-ESI	HCD; Velos	Commercial	Thomas Metz	Thomas Metz	M+H	590.551	0.0	1	N/A	N/A	N/A	N/A	N/A	1	Positive	PNNL-LIPIDS-POSITIVE	590.551	UPDATE-SINGLE-ANNOTATED-GOLD	Gold		N/A	N/A	N/A	N/A	N/A	N/A	N/A	N/A	N/A	mzspec:GNPS:GNPS-LIBRARY:CCMSLIB00010076575
CCMSLIB00012111820	3305	spectra_filtered.mgf	GNPS-SUSPECTLIST.mgf	0.926746	5632	0	11.2297	9	0.00482178	429.371	1	temp/spectra_filtered.mgf3305	1	Suspect related to Lithocholic acid (predicted molecular formula SIRIUS: C29H50O3 / BUDDY: C29H50O3) with delta m/z 70.078 (putative explanation: Labeling transglutaminase substrate on glutamine side chain|unspecified; atomic difference: 5C,10H|5C,10H) [M-H2O+H]+	ESI	Orbitrap	Crude	Pieter Dorrestein	Wout Bittremieux	[M-H2O+H]+	429.376	0.0	1	N/A	N/A	N/A	InChI=1S/C24H40O3/c1-15(4-9-22(26)27)19-7-8-20-18-6-5-16-14-17(25)10-12-23(16,2)21(18)11-13-24(19,20)3/h15-21,25H,4-14H2,1-3H3,(H,26,27)/t15-,16-,17-,18+,19-,20+,21+,23+,24-/m1/s1 + 70.078 Da	N/A	4	Positive	GNPS-SUSPECTLIST	429.376	UPDATE-SINGLE-ANNOTATED-BRONZE	Insilico		N/A	N/A	N/A	N/A	N/A	N/A	N/A	N/A	N/A	mzspec:GNPS:GNPS-LIBRARY:CCMSLIB00012111820
CCMSLIB00010091589	3441	spectra_filtered.mgf	PNNL-LIPIDS-POSITIVE.mgf	0.924604	13681	0	4.94569	5	0.00256348	518.322	1	temp/spectra_filtered.mgf3441	1																																
CCMSLIB00012144219	3782	spectra_filtered.mgf	GNPS-SUSPECTLIST.mgf	0.923774	360910	0	6.33348	9	0.0032959	520.396	0	temp/spectra_filtered.mgf3782	1	Suspect related to Spectral Match to 1-(9Z-Octadecenoyl)-sn-glycero-3-phosphocholine from NIST14 (predicted molecular formula SIRIUS: C16H47N12O4P / BUDDY: C31H53NO5) with delta m/z -1.959 (putative explanation: Cys->Thr substitution; atomic difference: 1C,2H,1O,-1S) [M+H]+	ESI	qTof	Crude	Pieter Dorrestein	Wout Bittremieux	[M+H]+	520.393	0.0	1	N/A	N/A	N/A	InChI=1S/C26H52NO7P/c1-5-6-7-8-9-10-11-12-13-14-15-16-17-18-19-20-26(29)32-23-25(28)24-34-35(30,31)33-22-21-27(2,3)4/h12-13,25,28H,5-11,14-24H2,1-4H3/b13-12-/t25-/m1/s1 - 1.959 Da	N/A	4	Positive	GNPS-SUSPECTLIST	520.393	UPDATE-SINGLE-ANNOTATED-BRONZE	Insilico		N/A	N/A	N/A	N/A	N/A	N/A	N/A	N/A	N/A	mzspec:GNPS:GNPS-LIBRARY:CCMSLIB00012144219
CCMSLIB00012146248	3970	spectra_filtered.mgf	GNPS-SUSPECTLIST.mgf	0.92347	350440	0	89.582	13	0.0444641	496.395	0	temp/spectra_filtered.mgf3970	1	Suspect related to Spectral Match to 1-Myristoyl-sn-glycero-3-phosphocholine from NIST14 (predicted molecular formula SIRIUS: C23H50N3O6P / BUDDY: C30H45N3O3) with delta m/z 28.04 (putative explanation: Gln->Arg substitution; atomic difference: 1C,4H,2N,-1O) [M+H]+	ESI	qTof	Crude	Pieter Dorrestein	Wout Bittremieux	[M+H]+	496.351	0.0	1	N/A	N/A	N/A	N/A	N/A	4	Positive	GNPS-SUSPECTLIST	496.351	UPDATE-SINGLE-ANNOTATED-BRONZE	Insilico		N/A	N/A	N/A	N/A	N/A	N/A	N/A	N/A	N/A	mzspec:GNPS:GNPS-LIBRARY:CCMSLIB00012146248
CCMSLIB00010098499	4220	spectra_filtered.mgf	PNNL-LIPIDS-POSITIVE.mgf	0.923372	7530	0	4.30536	5	0.00219727	510.354	1	temp/spectra_filtered.mgf4220	1	PC(17:0/0:0); [M+H]+ C25H53N1O7P1	LC-ESI	HCD; Velos	Commercial	Thomas Metz	Thomas Metz	M+H	510.356	0.0	1	N/A	N/A	N/A	N/A	N/A	1	Positive	PNNL-LIPIDS-POSITIVE	510.356	UPDATE-SINGLE-ANNOTATED-GOLD	Gold		N/A	N/A	N/A	N/A	N/A	N/A	N/A	N/A	N/A	mzspec:GNPS:GNPS-LIBRARY:CCMSLIB00010098499
CCMSLIB00012138712	4016	spectra_filtered.mgf	GNPS-SUSPECTLIST.mgf	0.92167	21031	0	150.927	9	0.0429077	284.251	1	temp/spectra_filtered.mgf4016	1																																
CCMSLIB00013639859	1088	spectra_filtered.mgf	WINE-DB-QTOF.mgf	0.92028	4937	0	4.59065	5	0.000946045	206.08	1	temp/spectra_filtered.mgf1088	1																																
CCMSLIB00012089674	3489	spectra_filtered.mgf	GNPS-SUSPECTLIST.mgf	0.919446	14608	0	3.22785	8	0.00231934	718.536	1	temp/spectra_filtered.mgf3489	1																																
CCMSLIB00010097415	3470	spectra_filtered.mgf	PNNL-LIPIDS-POSITIVE.mgf	0.919075	25905	0	4.51115	11	0.00216675	480.307	1	temp/spectra_filtered.mgf3470	1	PE(18:1/0:0); [M+H]+ C23H47N1O7P1	LC-ESI	HCD; Velos	Commercial	Thomas Metz	Thomas Metz	M+H	480.309	0.0	1	N/A	N/A	N/A	N/A	N/A	1	Positive	PNNL-LIPIDS-POSITIVE	480.309	UPDATE-SINGLE-ANNOTATED-GOLD	Gold		N/A	N/A	N/A	N/A	N/A	N/A	N/A	N/A	N/A	mzspec:GNPS:GNPS-LIBRARY:CCMSLIB00010097415
CCMSLIB00010083225	3843	spectra_filtered.mgf	PNNL-LIPIDS-POSITIVE.mgf	0.916858	3369	0	5.25156	6	0.00253296	482.322	1	temp/spectra_filtered.mgf3843	1	PE(18:0/0:0); [M+H]+ C23H49N1O7P1	LC-ESI	HCD; Velos	Commercial	Thomas Metz	Thomas Metz	M+H	482.325	0.0	1	N/A	N/A	N/A	N/A	N/A	1	Positive	PNNL-LIPIDS-POSITIVE	482.325	UPDATE-SINGLE-ANNOTATED-GOLD	Gold		N/A	N/A	N/A	N/A	N/A	N/A	N/A	N/A	N/A	mzspec:GNPS:GNPS-LIBRARY:CCMSLIB00010083225
CCMSLIB00010139302	539	spectra_filtered.mgf	MCE-DRUG.mgf	0.915272	118026	0	4.46387	6	0.000915527	205.096	1	temp/spectra_filtered.mgf539	1	L-tryptophan	ESI	Orbitrap	Crude	Tomas Pluskal	Corinna Brungs	M+H	205.097	204.09	1	N/A	N/A	N[C@@H](Cc1c[nH]c2ccccc12)C(=O)O	"""InChI=1S/C11H12N2O2/c12-9(11(14)15)5-7-6-13-10-4-2-1-3-8(7)10/h1-4,6,9,13H,5,12H2,(H,14,15)/t9-/m0/s1"""	QIVBCDIJIAJPQS-VIFPVBQESA-N	3	Positive	MCE-DRUG	205.097	UPDATE-SINGLE-ANNOTATED-BRONZE	Bronze		C11H12N2O2	QIVBCDIJIAJPQS-VIFPVBQESA-N	QIVBCDIJIAJPQS	Organoheterocyclic compounds	Indoles and derivatives	Indolyl carboxylic acids and derivatives	Small peptides	Aminoacids	Amino acids and Peptides|Shikimates and Phenylpropanoids	mzspec:GNPS:GNPS-LIBRARY:CCMSLIB00010139302
CCMSLIB00012148122	4064	spectra_filtered.mgf	GNPS-SUSPECTLIST.mgf	0.915202	21880	0	5.11094	10	0.00366211	716.52	1	temp/spectra_filtered.mgf4064	1																																
CCMSLIB00012138712	4020	spectra_filtered.mgf	GNPS-SUSPECTLIST.mgf	0.91436	24415	0	1.28814	9	0.000366211	284.294	1	temp/spectra_filtered.mgf4020	1																																
CCMSLIB00010072423	4113	spectra_filtered.mgf	PNNL-LIPIDS-POSITIVE.mgf	0.912689	89925	0	3.73054	18	0.00280762	752.601	1	temp/spectra_filtered.mgf4113	1																																
CCMSLIB00010064529	3194	spectra_filtered.mgf	PNNL-LIPIDS-POSITIVE.mgf	0.909794	47848	0	3.82831	10	0.00183105	478.291	1	temp/spectra_filtered.mgf3194	1																																
CCMSLIB00012123047	3635	spectra_filtered.mgf	GNPS-SUSPECTLIST.mgf	0.904358	8902	0	76.1739	5	0.0367432	482.322	1	temp/spectra_filtered.mgf3635	1																																
CCMSLIB00012081718	3920	spectra_filtered.mgf	GNPS-SUSPECTLIST.mgf	0.903144	35630	0	5.37491	8	0.00280762	522.353	1	temp/spectra_filtered.mgf3920	1	Suspect related to (2-{[3-(hexadecanoyloxy)-2-hydroxypropyl phosphonato]oxy}ethyl)trimethylazanium (predicted molecular formula SIRIUS: C26H52NO7P / BUDDY: C26H52NO7P) with delta m/z 26.016 (putative explanation: Acetaldehyde +26|Ala->Pro substitution|unspecified; atomic difference: 2C,2H|2C,2H|2C,2H) [M+H]+	LC-ESI	qTof	Crude	Pieter Dorrestein	Wout Bittremieux	[M+H]+	522.356	0.0	1	N/A	N/A	N/A	N/A	N/A	4	Positive	GNPS-SUSPECTLIST	522.356	UPDATE-SINGLE-ANNOTATED-BRONZE	Insilico		N/A	N/A	N/A	N/A	N/A	N/A	N/A	N/A	N/A	mzspec:GNPS:GNPS-LIBRARY:CCMSLIB00012081718
CCMSLIB00010063471	3077	spectra_filtered.mgf	PNNL-LIPIDS-POSITIVE.mgf	0.902766	8642	0	3.82831	7	0.00183105	478.291	1	temp/spectra_filtered.mgf3077	1	PE(18:2/0:0); [M+H]+ C23H45N1O7P1	LC-ESI	HCD; Velos	Commercial	Thomas Metz	Thomas Metz	M+H	478.293	0.0	1	N/A	N/A	N/A	N/A	N/A	1	Positive	PNNL-LIPIDS-POSITIVE	478.293	UPDATE-SINGLE-ANNOTATED-GOLD	Gold		N/A	N/A	N/A	N/A	N/A	N/A	N/A	N/A	N/A	mzspec:GNPS:GNPS-LIBRARY:CCMSLIB00010063471
CCMSLIB00012160712	3521	spectra_filtered.mgf	GNPS-SUSPECTLIST.mgf	0.902688	5682	0	1.90539	7	0.000488281	256.263	1	temp/spectra_filtered.mgf3521	1																																
CCMSLIB00012090465	3189	spectra_filtered.mgf	GNPS-SUSPECTLIST.mgf	0.896985	7232	0	3.8431	9	0.00192261	500.273	1	temp/spectra_filtered.mgf3189	1																																
CCMSLIB00010072380	4348	spectra_filtered.mgf	PNNL-LIPIDS-POSITIVE.mgf	0.895304	20053	0	5.31665	11	0.00299072	562.517	1	temp/spectra_filtered.mgf4348	1																																
CCMSLIB00012144804	2802	spectra_filtered.mgf	GNPS-SUSPECTLIST.mgf	0.889442	14165	0	5.21516	10	0.00360107	690.505	1	temp/spectra_filtered.mgf2802	1	Suspect related to Spectral Match to 1-Hexadecanoyl-2-(5Z,8Z,11Z,14Z-eicosatetraenoyl)-sn-glycero-3-phosphoethanolamine from NIST14 (predicted molecular formula SIRIUS: unknown / BUDDY: unknown) with delta m/z -50.015 (putative explanation: Phe->Pro substitution; atomic difference: -4C,-2H) [M+H]+	ESI	Ion Trap	Crude	Pieter Dorrestein	Wout Bittremieux	[M+H]+	690.501	0.0	1	N/A	N/A	N/A	N/A	N/A	4	Positive	GNPS-SUSPECTLIST	690.501	UPDATE-SINGLE-ANNOTATED-BRONZE	Insilico		N/A	N/A	N/A	N/A	N/A	N/A	N/A	N/A	N/A	mzspec:GNPS:GNPS-LIBRARY:CCMSLIB00012144804
CCMSLIB00005467655	574	spectra_filtered.mgf	GNPS-LIBRARY.mgf	0.887532	4549	0	3.74041	11	0.00137329	367.149	1	temp/spectra_filtered.mgf574	1	1-beta-D-Glucopyranosyl-L-tryptophan	LC-ESI	qTof	Isolated	Claudia Maier	Armando Alcazar	M+H	367.15	0.0	1	 	 	 	 	 	3	Positive	GNPS-LIBRARY	367.15	UPDATE-SINGLE-ANNOTATED-BRONZE	Bronze		N/A	N/A	N/A	N/A	N/A	N/A	N/A	N/A	N/A	mzspec:GNPS:GNPS-LIBRARY:CCMSLIB00005467655
CCMSLIB00010088759	3350	spectra_filtered.mgf	PNNL-LIPIDS-POSITIVE.mgf	0.88717	7253	0	5.21007	7	0.00250244	480.306	1	temp/spectra_filtered.mgf3350	1																																
CCMSLIB00012089523	3069	spectra_filtered.mgf	GNPS-SUSPECTLIST.mgf	0.882583	3525	0	1.83005	5	0.000915527	500.273	1	temp/spectra_filtered.mgf3069	1	Suspect related to 1-Oleoyl-sn-glycero-3-phosphoethanolamine (predicted molecular formula SIRIUS: C30H39NO4 / BUDDY: C23H44NO7P) with delta m/z -2.016 (putative explanation: 2-amino-3-oxo-butanoic_acid|Intact disulfide bridge|Val->Pro substitution; atomic difference: -2H|-2H|-2H) [M+Na]+	ESI	Orbitrap	Crude	Pieter Dorrestein	Wout Bittremieux	[M+Na]+	500.274	0.0	1	N/A	N/A	N/A	InChI=1S/C23H46NO7P/c1-2-3-4-5-6-7-8-9-10-11-12-13-14-15-16-17-23(26)29-20-22(25)21-31-32(27,28)30-19-18-24/h9-10,22,25H,2-8,11-21,24H2,1H3,(H,27,28)/b10-9-/t22-/m1/s1 - 2.016 Da	N/A	4	Positive	GNPS-SUSPECTLIST	500.274	UPDATE-SINGLE-ANNOTATED-BRONZE	Insilico		N/A	N/A	N/A	N/A	N/A	N/A	N/A	N/A	N/A	mzspec:GNPS:GNPS-LIBRARY:CCMSLIB00012089523
CCMSLIB00003137111	3683	spectra_filtered.mgf	GNPS-NIST14-MATCHES.mgf	0.878443	50300	0	4.0073	8	0.0022583	563.549	1	temp/spectra_filtered.mgf3683	1	Spectral Match to 9-Octadecenamide, (Z)- from NIST14	ESI	QqQ	Isolated	Data from Katrina Waters;Yoshihiro Kawaoka;Richard Smith;Thomas Metz;Ralph Baric	Data deposited by alchemistmatt	2M+H	563.547	0.0	1	301020	N/A	N/A	N/A	N/A	3	Positive	GNPS-NIST14-MATCHES	563.547	UPDATE-SINGLE-ANNOTATED-BRONZE	Bronze		N/A	N/A	N/A	N/A	N/A	N/A	N/A	N/A	N/A	mzspec:GNPS:GNPS-LIBRARY:CCMSLIB00003137111
CCMSLIB00010055274	3932	spectra_filtered.mgf	PNNL-LIPIDS-POSITIVE.mgf	0.876354	7772	0	6.83974	6	0.00372314	544.336	1	temp/spectra_filtered.mgf3932	1	PC(0:0/20:4); [M+H]+ C28H51N1O7P1	LC-ESI	HCD; Lumos	Commercial	Thomas Metz	Thomas Metz	M+H	544.34	0.0	1	N/A	N/A	N/A	N/A	N/A	1	Positive	PNNL-LIPIDS-POSITIVE	544.34	UPDATE-SINGLE-ANNOTATED-GOLD	Gold		N/A	N/A	N/A	N/A	N/A	N/A	N/A	N/A	N/A	mzspec:GNPS:GNPS-LIBRARY:CCMSLIB00010055274
CCMSLIB00012166682	1999	spectra_filtered.mgf	GNPS-SUSPECTLIST.mgf	0.875491	84750	0	127.634	7	0.0370483	290.306	0	temp/spectra_filtered.mgf1999	1																																
CCMSLIB00012104406	3840	spectra_filtered.mgf	GNPS-SUSPECTLIST.mgf	0.872489	41823	0	6.45088	12	0.00256348	397.381	1	temp/spectra_filtered.mgf3840	1																																
CCMSLIB00005883215	1499	spectra_filtered.mgf	GNPS-LIBRARY.mgf	0.868906	2569	0	5.7749	7	0.00140381	243.087	1	temp/spectra_filtered.mgf1499	1	LUMICHROME - 70.0 eV	ESI	Orbitrap	Isolated	Madeleine Ernst	Anna Abrahamsson	M+H	243.088	0.0	1	1086-80-2	N/A	CC1=CC2=C(C=C1C)N=C3C(=N2)C(=O)NC(=O)N3	InChI=1S/C12H10N4O2/c1-5-3-7-8(4-6(5)2)14-10-9(13-7)11(17)16-12(18)15-10/h3-4H,1-2H3,(H2,14,15,16,17,18)	N/A	1	Positive	GNPS-LIBRARY	243.088	UPDATE-SINGLE-ANNOTATED-GOLD	Gold		C12H10N4O2	ZJTJUVIJVLLGSP-UHFFFAOYSA-N	ZJTJUVIJVLLGSP	Organoheterocyclic compounds	Pteridines and derivatives	Alloxazines and isoalloxazines	Pseudoalkaloids	pteridine alkaloids	Alkaloids	mzspec:GNPS:GNPS-LIBRARY:CCMSLIB00005883215
CCMSLIB00012126927	4470	spectra_filtered.mgf	GNPS-SUSPECTLIST.mgf	0.864684	99331	0	3.06063	6	0.00158691	518.491	1	temp/spectra_filtered.mgf4470	1	Suspect related to N-Palmitoyl-D-sphingosine (predicted molecular formula SIRIUS: C34H65NO3 / BUDDY: C34H65NO3) with delta m/z -2.016 (putative explanation: 2-amino-3-oxo-butanoic_acid|Intact disulfide bridge|Val->Pro substitution; atomic difference: -2H|-2H|-2H) [M-H2O+H]+	ESI	Orbitrap	Crude	Pieter Dorrestein	Wout Bittremieux	[M-H2O+H]+	518.493	0.0	1	N/A	N/A	N/A	InChI=1S/C34H67NO3/c1-3-5-7-9-11-13-15-17-19-21-23-25-27-29-33(37)32(31-36)35-34(38)30-28-26-24-22-20-18-16-14-12-10-8-6-4-2/h27,29,32-33,36-37H,3-26,28,30-31H2,1-2H3,(H,35,38)/b29-27+/t32-,33+/m0/s1 - 2.016 Da	N/A	4	Positive	GNPS-SUSPECTLIST	518.493	UPDATE-SINGLE-ANNOTATED-BRONZE	Insilico		N/A	N/A	N/A	N/A	N/A	N/A	N/A	N/A	N/A	mzspec:GNPS:GNPS-LIBRARY:CCMSLIB00012126927
CCMSLIB00012144314	3806	spectra_filtered.mgf	GNPS-SUSPECTLIST.mgf	0.863141	18942	0	26.062	11	0.0141602	543.34	1	temp/spectra_filtered.mgf3806	1	Suspect related to Spectral Match to 1-(9Z-Octadecenoyl)-sn-glycero-3-phosphocholine from NIST14 (predicted molecular formula SIRIUS: C24H49N4O6P / BUDDY: C26H44N6O5) with delta m/z -1.011 (putative explanation: unspecified; atomic difference: unspecified) [M+Na]+	ESI	Orbitrap	Crude	Pieter Dorrestein	Wout Bittremieux	[M+Na]+	543.326	0.0	1	N/A	N/A	N/A	N/A	N/A	4	Positive	GNPS-SUSPECTLIST	543.326	UPDATE-SINGLE-ANNOTATED-BRONZE	Insilico		N/A	N/A	N/A	N/A	N/A	N/A	N/A	N/A	N/A	mzspec:GNPS:GNPS-LIBRARY:CCMSLIB00012144314
CCMSLIB00010088372	4460	spectra_filtered.mgf	PNNL-LIPIDS-POSITIVE.mgf	0.860914	5854	0	7.62372	6	0.00567627	744.56	1	temp/spectra_filtered.mgf4460	1	PE(18:1/18:1); [M+H]+ C41H79N1O8P1	LC-ESI	HCD; Velos	Commercial	Thomas Metz	Thomas Metz	M+H	744.554	0.0	1	N/A	N/A	N/A	N/A	N/A	1	Positive	PNNL-LIPIDS-POSITIVE	744.554	UPDATE-SINGLE-ANNOTATED-GOLD	Gold		N/A	N/A	N/A	N/A	N/A	N/A	N/A	N/A	N/A	mzspec:GNPS:GNPS-LIBRARY:CCMSLIB00010088372
CCMSLIB00012163381	1029	spectra_filtered.mgf	GNPS-SUSPECTLIST.mgf	0.860647	4729	0	19.47	6	0.00619507	318.18	1	temp/spectra_filtered.mgf1029	1	Suspect related to Val-Trp (predicted molecular formula SIRIUS: C14H27N3O3S / BUDDY: C14H27N3O3S) with delta m/z 14.016 (putative explanation: Asn->Gln substitution|Asp->Glu substitution|Gly->Ala substitution|Methylation|Ser->Thr substitution|Val->Leu/Ile substitution|chain elongation; atomic difference: 1C,2H|1C,2H|1C,2H|1C,2H|1C,2H|1C,2H|1C,2H) [M+H]+	ESI	qTof	Crude	Pieter Dorrestein	Wout Bittremieux	[M+H]+	318.186	0.0	1	N/A	N/A	N/A	InChI=1S/C16H21N3O3/c1-9(2)14(17)15(20)19-13(16(21)22)7-10-8-18-12-6-4-3-5-11(10)12/h3-6,8-9,13-14,18H,7,17H2,1-2H3,(H,19,20)(H,21,22)/t13-,14+/m0/s1 + 14.016 Da	N/A	4	Positive	GNPS-SUSPECTLIST	318.186	UPDATE-SINGLE-ANNOTATED-BRONZE	Insilico		N/A	N/A	N/A	N/A	N/A	N/A	N/A	N/A	N/A	mzspec:GNPS:GNPS-LIBRARY:CCMSLIB00012163381
CCMSLIB00012166682	2000	spectra_filtered.mgf	GNPS-SUSPECTLIST.mgf	0.859297	20777	0	4.41569	6	0.00128174	290.268	1	temp/spectra_filtered.mgf2000	1																																
CCMSLIB00012081153	2884	spectra_filtered.mgf	GNPS-SUSPECTLIST.mgf	0.858203	6531	0	14.3721	9	0.00650024	452.276	1	temp/spectra_filtered.mgf2884	1	Suspect related to (2-aminoethoxy)[3-(hexadecanoyloxy)-2-[octadec-9-enoyloxy]propoxy]phosphinic acid (predicted molecular formula SIRIUS: C18H33N11O3 / BUDDY: C28H37NO4) with delta m/z -266.261 (putative explanation: stearoylation (reverse); atomic difference: -18C,-34H,-1O) [M+H]+	LC-ESI	qTof	Crude	Pieter Dorrestein	Wout Bittremieux	[M+H]+	452.282	0.0	1	N/A	N/A	N/A	N/A	N/A	4	Positive	GNPS-SUSPECTLIST	452.282	UPDATE-SINGLE-ANNOTATED-BRONZE	Insilico		N/A	N/A	N/A	N/A	N/A	N/A	N/A	N/A	N/A	mzspec:GNPS:GNPS-LIBRARY:CCMSLIB00012081153
CCMSLIB00012176136	694	spectra_filtered.mgf	GNPS-LIBRARY.mgf	0.858193	3167	0	2.61016	10	0.0022583	865.195	1	temp/spectra_filtered.mgf694	1	Dereplicator+ Identification - 3,3',4',5,7-Pentahydroxyflavan-(2?7,4?8)-3,3',4',5,7-pentahydroxyflavan-(4?8)-3,3',4',5,7-pentahydroxyflavan_3,3',4',5,7-Pentahydroxyflavan-(2?7,4?8)-3,3',4',5,7-pentahydroxyflavan-(4?8)-3,3',4',5,7-pentahydroxyflavan	LC-ESI	qTof	Isolated	unknown	 	M+H	865.197	864.19	1	86631-43-8	13990885	Oc1cc(O)c2c(c1)OC1(c3ccc(O)c(O)c3)Oc3cc(O)c4c(c3C2C1O)OC(c1ccc(O)c(O)c1)C(O)C4c1c(O)cc(O)c2c1OC(c1ccc(O)c(O)c1)C(O)C2	1S/C45H36O18/c46-18-10-27(54)33-31(11-18)62-45(17-3-6-22(49)26(53)9-17)44(59)38(33)36-32(63-45)14-29(56)35-37(39(58)41(61-43(35)36)16-2-5-21(48)25(52)8-16)34-28(55)13-23(50)19-12-30(57)40(60-42(19)34)15-1-4-20(47)24(51)7-15/h1-11,13-14,30,37-41,44,46-59H,12H2	 	3	Positive	GNPS-LIBRARY	865.197	UPDATE-SINGLE-ANNOTATED-BRONZE	Bronze		C45H36O18	BYSRPHRKESMCPO-UHFFFAOYSA-N	BYSRPHRKESMCPO	Phenylpropanoids and polyketides	Flavonoids	Biflavonoids and polyflavonoids	Flavonoids	Proanthocyanins	Shikimates and Phenylpropanoids	mzspec:GNPS:GNPS-LIBRARY:CCMSLIB00012176136
CCMSLIB00010086490	2994	spectra_filtered.mgf	PNNL-LIPIDS-POSITIVE.mgf	0.855752	24346	0	5.53297	7	0.00250244	452.276	1	temp/spectra_filtered.mgf2994	1	PE(16:1/0:0); [M+H]+ C21H43N1O7P1	LC-ESI	qTof	Commercial	Thomas Metz	Thomas Metz	M+H	452.278	0.0	1	N/A	N/A	N/A	N/A	N/A	1	Positive	PNNL-LIPIDS-POSITIVE	452.278	UPDATE-SINGLE-ANNOTATED-GOLD	Gold		N/A	N/A	N/A	N/A	N/A	N/A	N/A	N/A	N/A	mzspec:GNPS:GNPS-LIBRARY:CCMSLIB00010086490
CCMSLIB00012125638	3807	spectra_filtered.mgf	GNPS-SUSPECTLIST.mgf	0.854806	12967	0	37.4944	10	0.0133972	357.299	1	temp/spectra_filtered.mgf3807	1	Suspect related to Monolinolenin (9c,12c,15c) (predicted molecular formula SIRIUS: C25H40O / BUDDY: C20H40N2O3) with delta m/z 4.04 (putative explanation: unspecified; atomic difference: unspecified) [M+H]+	ESI	Orbitrap	Crude	Pieter Dorrestein	Wout Bittremieux	[M+H]+	357.312	0.0	1	N/A	N/A	N/A	InChI=1S/C21H36O4/c1-2-3-4-5-6-7-8-9-10-11-12-13-14-15-16-17-21(24)25-19-20(23)18-22/h3-4,6-7,9-10,20,22-23H,2,5,8,11-19H2,1H3/b4-3-,7-6-,10-9- + 4.040 Da	N/A	4	Positive	GNPS-SUSPECTLIST	357.312	UPDATE-SINGLE-ANNOTATED-BRONZE	Insilico		N/A	N/A	N/A	N/A	N/A	N/A	N/A	N/A	N/A	mzspec:GNPS:GNPS-LIBRARY:CCMSLIB00012125638
CCMSLIB00006439462	1100	spectra_filtered.mgf	BMDMS-NP.mgf	0.854015	4237	0	5.24678	7	0.00180054	343.172	1	temp/spectra_filtered.mgf1100	1	Magnoflorine	ESI	Orbitrap	Commercial standard	BMDMS-NP	BMDMS-NP	[M+H]+	343.17	342.17	1	N/A	N/A	OC=1C(OC)=CC=C2C1C=3C(O)=C(OC)C=C4C3C(C2)[N+](C)(C)CC4	InChI=1S/C20H23NO4/c1-21(2)8-7-12-10-15(25-4)20(23)18-16(12)13(21)9-11-5-6-14(24-3)19(22)17(11)18/h5-6,10,13H,7-9H2,1-4H3,(H-,22,23)/p+1	N/A	1	Positive	BMDMS-NP	343.17	UPDATE-SINGLE-ANNOTATED-GOLD	Gold		N/A	YLRXAIKMLINXQY-UHFFFAOYSA-O	YLRXAIKMLINXQY	N/A	N/A	N/A	N/A	N/A	N/A	mzspec:GNPS:GNPS-LIBRARY:CCMSLIB00006439462
CCMSLIB00012129307	1240	spectra_filtered.mgf	GNPS-SUSPECTLIST.mgf	0.852452	4436	0	2.22328	5	0.00164795	741.221	1	temp/spectra_filtered.mgf1240	1	Suspect related to NCGC00179887-02!3-[(2S,3R,4S,5R,6R)-6-[[(2R,3R,4R,5S,6S)-3,5-dihydroxy-6-methyl-4-[(2S,3R,4R,5R,6S)-3,4,5-trihydroxy-6-methyloxan-2-yl]oxyoxan-2-yl]oxymethyl]-3,4,5-trihydroxyoxan-2-yl]oxy-2-(3,4-dihydroxyphenyl)-5-hydroxy-7-methoxychromen-4-one (predicted molecular formula SIRIUS: C33H40O19 / BUDDY: C40H36O14) with delta m/z -30.01 (putative explanation: Decarboxylation|Demethoxylation|Proline oxidation to pyrrolidinone|Ser->Gly substitution|Thr->Ala substitution; atomic difference: -1C,-2H,-1O|-1C,-2H,-1O|-1C,-2H,-1O|-1C,-2H,-1O|-1C,-2H,-1O) [M+H]+	LC-ESI	qTof	Crude	Pieter Dorrestein	Wout Bittremieux	[M+H]+	741.223	0.0	1	N/A	N/A	N/A	InChI=1S/C34H42O20/c1-10-20(38)24(42)26(44)33(50-10)53-30-21(39)11(2)49-32(28(30)46)48-9-18-22(40)25(43)27(45)34(52-18)54-31-23(41)19-16(37)7-13(47-3)8-17(19)51-29(31)12-4-5-14(35)15(36)6-12/h4-8,10-11,18,20-22,24-28,30,32-40,42-46H,9H2,1-3H3/t10-,11-,18+,20-,21-,22-,24+,25-,26+,27+,28+,30+,32+,33-,34-/m0/s1 - 30.010 Da	N/A	4	Positive	GNPS-SUSPECTLIST	741.223	UPDATE-SINGLE-ANNOTATED-BRONZE	Insilico		N/A	N/A	N/A	N/A	N/A	N/A	N/A	N/A	N/A	mzspec:GNPS:GNPS-LIBRARY:CCMSLIB00012129307
CCMSLIB00012103656	1224	spectra_filtered.mgf	GNPS-SUSPECTLIST.mgf	0.850509	2698	0	1.3964	10	0.000579834	415.233	1	temp/spectra_filtered.mgf1224	1	Suspect related to Butanediamide, N4-hydroxy-N1-[(1S)-1-(1H-indol-3-ylmethyl)-2-(methylamino)-2-oxoethyl]-2-(2-methylpropyl)-, (2R)- (predicted molecular formula SIRIUS: C22H30N4O4 / BUDDY: C22H30N4O4) with delta m/z 26.016 (putative explanation: Acetaldehyde +26|Ala->Pro substitution|unspecified; atomic difference: 2C,2H|2C,2H|2C,2H) [M+H]+	ESI	Orbitrap	Crude	Pieter Dorrestein	Wout Bittremieux	[M+H]+	415.234	0.0	1	N/A	N/A	N/A	InChI=1S/C20H28N4O4/c1-12(2)8-13(10-18(25)24-28)19(26)23-17(20(27)21-3)9-14-11-22-16-7-5-4-6-15(14)16/h4-7,11-13,17,22,28H,8-10H2,1-3H3,(H,21,27)(H,23,26)(H,24,25)/t13-,17+/m1/s1 + 26.016 Da	N/A	4	Positive	GNPS-SUSPECTLIST	415.234	UPDATE-SINGLE-ANNOTATED-BRONZE	Insilico		N/A	N/A	N/A	N/A	N/A	N/A	N/A	N/A	N/A	mzspec:GNPS:GNPS-LIBRARY:CCMSLIB00012103656
CCMSLIB00010076575	3580	spectra_filtered.mgf	PNNL-LIPIDS-POSITIVE.mgf	0.848888	8052	0	7.75147	9	0.00457764	590.546	1	temp/spectra_filtered.mgf3580	1	Cer(d18:2/20:1); [M+H]+ C38H72N1O3	LC-ESI	HCD; Velos	Commercial	Thomas Metz	Thomas Metz	M+H	590.551	0.0	1	N/A	N/A	N/A	N/A	N/A	1	Positive	PNNL-LIPIDS-POSITIVE	590.551	UPDATE-SINGLE-ANNOTATED-GOLD	Gold		N/A	N/A	N/A	N/A	N/A	N/A	N/A	N/A	N/A	mzspec:GNPS:GNPS-LIBRARY:CCMSLIB00010076575
CCMSLIB00012103953	1190	spectra_filtered.mgf	GNPS-SUSPECTLIST.mgf	0.844412	4055	0	10.874	5	0.00227356	209.08	0	temp/spectra_filtered.mgf1190	1	Suspect related to Caffeic acid methylester (predicted molecular formula SIRIUS: unknown / BUDDY: unknown) with delta m/z 14.016 (putative explanation: Asn->Gln substitution|Asp->Glu substitution|Gly->Ala substitution|Methylation|Ser->Thr substitution|Val->Leu/Ile substitution|chain elongation; atomic difference: 1C,2H|1C,2H|1C,2H|1C,2H|1C,2H|1C,2H|1C,2H) [M+H]+	ESI	QQQ	Crude	Pieter Dorrestein	Wout Bittremieux	[M+H]+	209.082	0.0	1	N/A	N/A	N/A	InChI=1S/C10H10O4/c1-14-10(13)5-3-7-2-4-8(11)9(12)6-7/h2-6,11-12H,1H3/b5-3+ + 14.016 Da	N/A	4	Positive	GNPS-SUSPECTLIST	209.082	UPDATE-SINGLE-ANNOTATED-BRONZE	Insilico		N/A	N/A	N/A	N/A	N/A	N/A	N/A	N/A	N/A	mzspec:GNPS:GNPS-LIBRARY:CCMSLIB00012103953
CCMSLIB00012087476	2822	spectra_filtered.mgf	GNPS-SUSPECTLIST.mgf	0.842978	4800	0	4.79676	5	0.00204468	426.26	1	temp/spectra_filtered.mgf2822	1	Suspect related to 1,2-Dimyristoyl-sn-glycero-3-phosphoethanolamine (predicted molecular formula SIRIUS: C19H40NO7P / BUDDY: C26H35NO4) with delta m/z -210.199 (putative explanation: Myristoylation (reverse); atomic difference: -14C,-26H,-1O) [M+H]+	ESI	Orbitrap	Crude	Pieter Dorrestein	Wout Bittremieux	[M+H]+	426.262	0.0	1	N/A	N/A	N/A	InChI=1S/C33H66NO8P/c1-3-5-7-9-11-13-15-17-19-21-23-25-32(35)39-29-31(30-41-43(37,38)40-28-27-34)42-33(36)26-24-22-20-18-16-14-12-10-8-6-4-2/h31H,3-30,34H2,1-2H3,(H,37,38) - 210.199 Da	N/A	4	Positive	GNPS-SUSPECTLIST	426.262	UPDATE-SINGLE-ANNOTATED-BRONZE	Insilico		N/A	N/A	N/A	N/A	N/A	N/A	N/A	N/A	N/A	mzspec:GNPS:GNPS-LIBRARY:CCMSLIB00012087476
CCMSLIB00012164560	3240	spectra_filtered.mgf	GNPS-SUSPECTLIST.mgf	0.841871	2194	0	0.990777	6	0.000274658	277.215	1	temp/spectra_filtered.mgf3240	1	Suspect related to cis-5,8,11,14-Eicosatetraenoic acid (predicted molecular formula SIRIUS: C18H30O3 / BUDDY: C18H30O3) with delta m/z -10.021 (putative explanation: Pro->Ser substitution; atomic difference: -2C,-2H,1O) [M-H2O+H]+	ESI	Orbitrap	Crude	Pieter Dorrestein	Wout Bittremieux	[M-H2O+H]+	277.215	0.0	1	N/A	N/A	N/A	InChI=1S/C20H32O2/c1-2-3-4-5-6-7-8-9-10-11-12-13-14-15-16-17-18-19-20(21)22/h6-7,9-10,12-13,15-16H,2-5,8,11,14,17-19H2,1H3,(H,21,22)/b7-6-,10-9-,13-12-,16-15- - 10.021 Da	N/A	4	Positive	GNPS-SUSPECTLIST	277.215	UPDATE-SINGLE-ANNOTATED-BRONZE	Insilico		N/A	N/A	N/A	N/A	N/A	N/A	N/A	N/A	N/A	mzspec:GNPS:GNPS-LIBRARY:CCMSLIB00012164560
CCMSLIB00012104406	3611	spectra_filtered.mgf	GNPS-SUSPECTLIST.mgf	0.841245	3734	0	7.29564	8	0.00289917	397.381	1	temp/spectra_filtered.mgf3611	1																																
CCMSLIB00012096380	4342	spectra_filtered.mgf	GNPS-SUSPECTLIST.mgf	0.839078	36018	0	27.6984	15	0.0205688	742.58	1	temp/spectra_filtered.mgf4342	1	Suspect related to 3-((hexadec-7-en-1-yl)oxy)-2-((octadec-8-enoyl)oxy)propyl (2-(trimethylammonio)ethyl) phosphate (predicted molecular formula SIRIUS: C36H75N11O5 / BUDDY: C46H79NO6) with delta m/z -1.98 (putative explanation: Thr->Val substitution; atomic difference: 1C,2H,-1O) [M+H]+	LC-ESI	qTof	Crude	Pieter Dorrestein	Wout Bittremieux	[M+H]+	742.601	0.0	1	N/A	N/A	N/A	N/A	N/A	4	Positive	GNPS-SUSPECTLIST	742.601	UPDATE-SINGLE-ANNOTATED-BRONZE	Insilico		N/A	N/A	N/A	N/A	N/A	N/A	N/A	N/A	N/A	mzspec:GNPS:GNPS-LIBRARY:CCMSLIB00012096380
CCMSLIB00012146081	3282	spectra_filtered.mgf	GNPS-SUSPECTLIST.mgf	0.839055	29306	0	6.54479	10	0.00305176	466.291	1	temp/spectra_filtered.mgf3282	1	Suspect related to Spectral Match to 1-Myristoyl-2-hydroxy-sn-glycero-3-phosphoethanolamine from NIST14 (predicted molecular formula SIRIUS: C22H44NO7P / BUDDY: C28H39N3OS) with delta m/z 40.031 (putative explanation: Gly->Pro substitution|Propionaldehyde +40|unspecified; atomic difference: 3C,4H|3C,4H|3C,4H) [M+H]+	ESI	Orbitrap	Crude	Pieter Dorrestein	Wout Bittremieux	[M+H]+	466.288	0.0	1	N/A	N/A	N/A	N/A	N/A	4	Positive	GNPS-SUSPECTLIST	466.288	UPDATE-SINGLE-ANNOTATED-BRONZE	Insilico		N/A	N/A	N/A	N/A	N/A	N/A	N/A	N/A	N/A	mzspec:GNPS:GNPS-LIBRARY:CCMSLIB00012146081
CCMSLIB00012100168	2552	spectra_filtered.mgf	GNPS-SUSPECTLIST.mgf	0.836828	1685	0	13.3069	6	0.00366211	275.199	0	temp/spectra_filtered.mgf2552	1	Suspect related to 8-Hydroxy-5Z,9E,11Z,14Z,17Z-eicosapentaenoic acid (predicted molecular formula SIRIUS: C18H28O3 / BUDDY: C18H28O3) with delta m/z -26.015 (putative explanation: Alkyl loss (typically partial loss from ring)|Pro->Ala substitution; atomic difference: -2C,-2H|-2C,-2H) [M-H2O+H]+	ESI	Orbitrap	Crude	Pieter Dorrestein	Wout Bittremieux	[M-H2O+H]+	275.203	0.0	1	N/A	N/A	N/A	InChI=1S/C20H30O3/c1-2-3-4-5-6-7-8-9-10-13-16-19(21)17-14-11-12-15-18-20(22)23/h3-4,6-7,9-11,13-14,16,19,21H,2,5,8,12,15,17-18H2,1H3,(H,22,23)/b4-3-,7-6-,10-9-,14-11-,16-13+ - 26.015 Da	N/A	4	Positive	GNPS-SUSPECTLIST	275.203	UPDATE-SINGLE-ANNOTATED-BRONZE	Insilico		N/A	N/A	N/A	N/A	N/A	N/A	N/A	N/A	N/A	mzspec:GNPS:GNPS-LIBRARY:CCMSLIB00012100168
CCMSLIB00016032992	4437	spectra_filtered.mgf	GNPS-LIBRARY.mgf	0.836041	10435	0	13.7907	11	0.00564575	409.381	1	temp/spectra_filtered.mgf4437	1	Dereplicator Identification - Bacterial_phytoene;_Dehydrosqualene;_C30	LC-ESI	qTof	Lysate	Ta Ly	Ta Ly	M+H	409.387	408.376	1	 	 	CC(C)=CCC/C(C)=C/CC/C(C)=C/C=C/C=C(\C)CC/C=C(\C)CCC=C(C)C	InChI=1S/C30H48/c1-25(2)15-11-19-29(7)23-13-21-27(5)17-9-10-18-28(6)22-14-24-30(8)20-12-16-26(3)4/h9-10,15-18,23-24H,11-14,19-22H2,1-8H3/b10-9+,27-17+,28-18+,29-23+,30-24+	 	3	Positive	GNPS-LIBRARY	409.387	UPDATE-SINGLE-ANNOTATED-BRONZE	Bronze		C30H48	NXJJBCPAGHGVJC-MAYJZIKRSA-N	NXJJBCPAGHGVJC	Lipids and lipid-like molecules	Prenol lipids	Triterpenoids	Apocarotenoids	Apocarotenoids (C30, Ψ-Ψ)	Terpenoids	mzspec:GNPS:GNPS-LIBRARY:CCMSLIB00016032992
CCMSLIB00012131289	3155	spectra_filtered.mgf	GNPS-SUSPECTLIST.mgf	0.834387	4919	0	4.12317	5	0.00192261	466.291	1	temp/spectra_filtered.mgf3155	1	Suspect related to NCGC00380283-01!4-[5-[[4-[5-[acetyl(hydroxy)amino]pentylamino]-4-oxobutanoyl]-hydroxyamino]pentylamino]-4-oxobutanoic acid (predicted molecular formula SIRIUS: unknown / BUDDY: C29H36O4) with delta m/z -12.0 (putative explanation: formaldehyde adduct (reverse)|methylation and reduction (reverse)|nan (reverse); atomic difference: -1C|-1C|-1C) [M+NH4]+	LC-ESI	qTof	Crude	Pieter Dorrestein	Wout Bittremieux	[M+NH4]+	466.293	0.0	1	N/A	N/A	N/A	InChI=1S/C20H36N4O8/c1-16(25)23(31)14-6-2-4-12-21-17(26)8-10-19(28)24(32)15-7-3-5-13-22-18(27)9-11-20(29)30/h31-32H,2-15H2,1H3,(H,21,26)(H,22,27)(H,29,30) - 12.000 Da	N/A	4	Positive	GNPS-SUSPECTLIST	466.293	UPDATE-SINGLE-ANNOTATED-BRONZE	Insilico		N/A	N/A	N/A	N/A	N/A	N/A	N/A	N/A	N/A	mzspec:GNPS:GNPS-LIBRARY:CCMSLIB00012131289
CCMSLIB00003139957	4497	spectra_filtered.mgf	GNPS-NIST14-MATCHES.mgf	0.834092	9364	0	1.44531	7	0.000976562	675.674	1	temp/spectra_filtered.mgf4497	1	Spectral Match to 13-Docosenamide, (Z)- from NIST14	ESI	QQQ	Isolated	Data from PDorrestein	Data deposited by amelnik	2M+H	675.675	337.335	1	112845	N/A	CCCCCCCC/C=C\CCCCCCCCCCCC(=O)N	InChI=1S/C22H43NO/c1-2-3-4-5-6-7-8-9-10-11-12-13-14-15-16-17-18-19-20-21-22(23)24/h9-10H,2-8,11-21H2,1H3,(H2,23,24)/b10-9-	N/A	3	Positive	GNPS-NIST14-MATCHES	675.675	UPDATE-SINGLE-ANNOTATED-BRONZE	Bronze		C22H43NO	UAUDZVJPLUQNMU-KTKRTIGZSA-N	UAUDZVJPLUQNMU	Lipids and lipid-like molecules	Fatty Acyls	Fatty amides	Fatty amides	Primary amides	Fatty acids	mzspec:GNPS:GNPS-LIBRARY:CCMSLIB00003139957
CCMSLIB00012127771	1078	spectra_filtered.mgf	GNPS-SUSPECTLIST.mgf	0.834017	3196	0	8.25966	6	0.00268555	325.137	1	temp/spectra_filtered.mgf1078	1	Suspect related to NCGC00168829-02!7-[(2E)-5-hydroxy-3,7-dimethylocta-2,6-dienoxy]chromen-2-one (predicted molecular formula SIRIUS: C15H22N2O7 / BUDDY: C16H18N6O3) with delta m/z 27.995 (putative explanation: Formylation|Ser->Asp substitution|Thr->Glu substitution; atomic difference: 1C,1O|1C,1O|1C,1O) [M-H2O+H]+	LC-ESI	qTof	Crude	Pieter Dorrestein	Wout Bittremieux	[M-H2O+H]+	325.14	0.0	1	N/A	N/A	N/A	InChI=1S/C19H22O4/c1-13(2)10-16(20)11-14(3)8-9-22-17-6-4-15-5-7-19(21)23-18(15)12-17/h4-8,10,12,16,20H,9,11H2,1-3H3/b14-8+ + 27.995 Da	N/A	4	Positive	GNPS-SUSPECTLIST	325.14	UPDATE-SINGLE-ANNOTATED-BRONZE	Insilico		N/A	N/A	N/A	N/A	N/A	N/A	N/A	N/A	N/A	mzspec:GNPS:GNPS-LIBRARY:CCMSLIB00012127771
CCMSLIB00012104151	4379	spectra_filtered.mgf	GNPS-SUSPECTLIST.mgf	0.831804	6803	0	1.64507	8	0.000915527	556.528	1	temp/spectra_filtered.mgf4379	1	Suspect related to Ceramide (18:1/16:0) (predicted molecular formula SIRIUS: C32H67N4O3 / BUDDY: C34H69NO4) with delta m/z 18.01 (putative explanation: Proline oxidation to 5-hydroxy-2-aminovaleric acid|water; atomic difference: 2H,1O|2H,1O) [M+H]+	LC-ESI	qTof	Crude	Pieter Dorrestein	Wout Bittremieux	[M+H]+	556.529	0.0	1	N/A	N/A	N/A	 1S/C34H67NO3/c1-3-5-7-9-11-13-15-17-19-21-23-25-27-29-33(37)32(31-36)35-34(38)30-28-26-24-22-20-18-16-14-12-10-8-6-4-2/h27,29,32-33,36-37H,3-26,28,30-31H2,1-2H3,(H,35,38)/b29-27+/t32-,33+/m0/s1 + 18.010 Da	N/A	4	Positive	GNPS-SUSPECTLIST	556.529	UPDATE-SINGLE-ANNOTATED-BRONZE	Insilico		N/A	N/A	N/A	N/A	N/A	N/A	N/A	N/A	N/A	mzspec:GNPS:GNPS-LIBRARY:CCMSLIB00012104151
CCMSLIB00012158563	1525	spectra_filtered.mgf	GNPS-SUSPECTLIST.mgf	0.831105	1535	0	5.67875	7	0.00180054	317.064	1	temp/spectra_filtered.mgf1525	1	Suspect related to Spectral Match to Quercetin from NIST14 (predicted molecular formula SIRIUS: C16H12O7 / BUDDY: C16H12O7) with delta m/z 14.016 (putative explanation: Asn->Gln substitution|Asp->Glu substitution|Gly->Ala substitution|Methylation|Ser->Thr substitution|Val->Leu/Ile substitution|chain elongation; atomic difference: 1C,2H|1C,2H|1C,2H|1C,2H|1C,2H|1C,2H|1C,2H) [M+H]+	ESI	qTof	Crude	Pieter Dorrestein	Wout Bittremieux	[M+H]+	317.066	0.0	1	N/A	N/A	N/A	InChI=1S/C15H10O7/c16-7-4-10(19)12-11(5-7)22-15(14(21)13(12)20)6-1-2-8(17)9(18)3-6/h1-5,16-19,21H + 14.016 Da	N/A	4	Positive	GNPS-SUSPECTLIST	317.066	UPDATE-SINGLE-ANNOTATED-BRONZE	Insilico		N/A	N/A	N/A	N/A	N/A	N/A	N/A	N/A	N/A	mzspec:GNPS:GNPS-LIBRARY:CCMSLIB00012158563
CCMSLIB00012085109	4097	spectra_filtered.mgf	GNPS-SUSPECTLIST.mgf	0.825082	1630	0	9.26522	6	0.00262451	283.262	1	temp/spectra_filtered.mgf4097	1	Suspect related to (R)-4-((3R,5S,8R,9S,10S,13R,14S,17R)-3-hydroxy-10,13-dimethylhexadecahydro-1H-cyclopenta[a]phenanthren-17-yl)pentanoic acid (predicted molecular formula SIRIUS: C18H36O3 / BUDDY: C18H36O3) with delta m/z -76.031 (putative explanation: Dephenylation, didealkynelatoin|Phe->Ala substitution|Tyr->Ser substitution; atomic difference: -6C,-4H|-6C,-4H|-6C,-4H) [M-H2O+H]+	ESI	qTof	Crude	Pieter Dorrestein	Wout Bittremieux	[M-H2O+H]+	283.265	0.0	1	N/A	N/A	N/A	InChI=1S/C24H40O3/c1-15(4-9-22(26)27)19-7-8-20-18-6-5-16-14-17(25)10-12-23(16,2)21(18)11-13-24(19,20)3/h15-21,25H,4-14H2,1-3H3,(H,26,27)/t15-,16+,17-,18+,19-,20+,21+,23+,24-/m1/s1 - 76.031 Da	N/A	4	Positive	GNPS-SUSPECTLIST	283.265	UPDATE-SINGLE-ANNOTATED-BRONZE	Insilico		N/A	N/A	N/A	N/A	N/A	N/A	N/A	N/A	N/A	mzspec:GNPS:GNPS-LIBRARY:CCMSLIB00012085109
CCMSLIB00012104406	4063	spectra_filtered.mgf	GNPS-SUSPECTLIST.mgf	0.820423	3237	0	6.68127	9	0.00265503	397.381	1	temp/spectra_filtered.mgf4063	1																																
CCMSLIB00012079671	1234	spectra_filtered.mgf	PHENOLICSDB.mgf	0.819877	2063	0	4.35882	6	0.00125122	287.054	1	temp/spectra_filtered.mgf1234	1	Kaempferol 40eV	LC-ESI	qTof	Commercial	Jessica Cooperstone	DOI:10.5281/zenodo.8409038	M+H	287.055	286.048	1	N/A	N/A	C1=CC(=CC=C1C2=C(C(=O)C3=C(C=C(C=C3O2)O)O)O)O	IYRMWMYZSQPJKC-UHFFFAOYSA-N	N/A	1	Positive	PHENOLICSDB	287.055	UPDATE-SINGLE-ANNOTATED-GOLD	Gold		C15H10O6	IYRMWMYZSQPJKC-UHFFFAOYSA-N	IYRMWMYZSQPJKC	Phenylpropanoids and polyketides	Flavonoids	Flavones	Flavonoids	Flavonols	Shikimates and Phenylpropanoids	mzspec:GNPS:GNPS-LIBRARY:CCMSLIB00012079671
CCMSLIB00003136261	2984	spectra_filtered.mgf	GNPS-NIST14-MATCHES.mgf	0.817406	1056	0	2.7849	6	0.00125122	449.286	1	temp/spectra_filtered.mgf2984	1	Spectral Match to p-tert-Octylphenol pentaglycol ether from NIST14	ESI	QqQ	Isolated	Data from System Wide MS course 	Data deposited by daniel	M+Na	449.287	0.0	1	2315642	N/A	N/A	N/A	N/A	3	Positive	GNPS-NIST14-MATCHES	449.287	UPDATE-SINGLE-ANNOTATED-BRONZE	Bronze		N/A	N/A	N/A	N/A	N/A	N/A	N/A	N/A	N/A	mzspec:GNPS:GNPS-LIBRARY:CCMSLIB00003136261
CCMSLIB00012084633	3937	spectra_filtered.mgf	GNPS-SUSPECTLIST.mgf	0.814119	12454	0	3.91662	10	0.0015564	397.381	1	temp/spectra_filtered.mgf3937	1	Suspect related to (R)-4-((3R,5R,6R,8S,9S,10R,13R,14S,17R)-3,6-dihydroxy-10,13-dimethylhexadecahydro-1H-cyclopenta[a]phenanthren-17-yl)pentanoic acid (predicted molecular formula SIRIUS: C29H52O2 / BUDDY: C29H52O2) with delta m/z 40.104 (putative explanation: unspecified; atomic difference: unspecified) [M-2H2O+H]+	ESI	qTof	Crude	Pieter Dorrestein	Wout Bittremieux	[M-2H2O+H]+	397.383	0.0	1	N/A	N/A	N/A	InChI=1S/C24H40O4/c1-14(4-7-22(27)28)17-5-6-18-16-13-21(26)20-12-15(25)8-10-24(20,3)19(16)9-11-23(17,18)2/h14-21,25-26H,4-13H2,1-3H3,(H,27,28)/t14-,15-,16+,17-,18+,19+,20+,21-,23-,24-/m1/s1 + 40.104 Da	N/A	4	Positive	GNPS-SUSPECTLIST	397.383	UPDATE-SINGLE-ANNOTATED-BRONZE	Insilico		N/A	N/A	N/A	N/A	N/A	N/A	N/A	N/A	N/A	mzspec:GNPS:GNPS-LIBRARY:CCMSLIB00012084633
CCMSLIB00012155465	3954	spectra_filtered.mgf	GNPS-SUSPECTLIST.mgf	0.81382	4017	0	1.28341	7	0.000640869	499.348	1	temp/spectra_filtered.mgf3954	1	Suspect related to Spectral Match to Lyso-PC(16:0) from NIST14 (predicted molecular formula SIRIUS: C19H47N8O5P / BUDDY: C25H46N4O6) with delta m/z 3.01 (putative explanation: 13C3 label for SILAC; atomic difference: -3C,3C[13]) [M+H]+	ESI	qTof	Crude	Pieter Dorrestein	Wout Bittremieux	[M+H]+	499.347	0.0	1	N/A	N/A	N/A	N/A	N/A	4	Positive	GNPS-SUSPECTLIST	499.347	UPDATE-SINGLE-ANNOTATED-BRONZE	Insilico		N/A	N/A	N/A	N/A	N/A	N/A	N/A	N/A	N/A	mzspec:GNPS:GNPS-LIBRARY:CCMSLIB00012155465
CCMSLIB00000846575	1554	spectra_filtered.mgf	GNPS-NIH-NATURALPRODUCTSLIBRARY_ROUND2_POSITIVE.mgf	0.81372	3494	0	6.41444	5	0.00125122	195.064	0	temp/spectra_filtered.mgf1554	1	NCGC00381342-01!3-[(E)-prop-1-enyl]pentanedioic acid	LC-ESI	Maxis II HD Q-TOF Bruker	isolated	Jadhav/Dorrestein	lfnothias	M+Na	195.063	172.074	1	n/a	n/a	C\C=C\C(CC(O)=O)CC(O)=O	InChI=1S/C8H12O4/c1-2-3-6(4-7(9)10)5-8(11)12/h2-3,6H,4-5H2,1H3,(H,9,10)(H,11,12)/b3-2+	N/A	1	positive	GNPS-NIH-NATURALPRODUCTSLIBRARY_ROUND2_POSITIVE	195.063	UPDATE-SINGLE-ANNOTATED-GOLD	Gold		C8H12O4	MZNNPGRTALKBID-NSCUHMNNSA-N	MZNNPGRTALKBID	Lipids and lipid-like molecules	Fatty Acyls	Fatty acids and conjugates	Fatty Acids and Conjugates	Dicarboxylic acids	Fatty acids	mzspec:GNPS:GNPS-LIBRARY:CCMSLIB00000846575
CCMSLIB00012126841	4094	spectra_filtered.mgf	GNPS-SUSPECTLIST.mgf	0.812562	1318	0	11.3948	6	0.00338745	297.278	1	temp/spectra_filtered.mgf4094	1	Suspect related to N-Oleoylglycine (predicted molecular formula SIRIUS: unknown / BUDDY: unknown) with delta m/z 50.036 (putative explanation: unspecified; atomic difference: unspecified) [M-C2H7NO3+H]+	ESI	Ion Trap	Crude	Pieter Dorrestein	Wout Bittremieux	[M-C2H7NO3+H]+	297.281	0.0	1	N/A	N/A	N/A	InChI=1S/C20H37NO3/c1-2-3-4-5-6-7-8-9-10-11-12-13-14-15-16-17-19(22)21-18-20(23)24/h9-10H,2-8,11-18H2,1H3,(H,21,22)(H,23,24)/b10-9- + 50.036 Da	N/A	4	Positive	GNPS-SUSPECTLIST	297.281	UPDATE-SINGLE-ANNOTATED-BRONZE	Insilico		N/A	N/A	N/A	N/A	N/A	N/A	N/A	N/A	N/A	mzspec:GNPS:GNPS-LIBRARY:CCMSLIB00012126841
CCMSLIB00012141362	954	spectra_filtered.mgf	GNPS-SUSPECTLIST.mgf	0.811559	23039	0	43.0014	10	0.014801	344.184	1	temp/spectra_filtered.mgf954	1	Suspect related to Reticuline N-oxide (predicted molecular formula SIRIUS: C19H25N3O3 / BUDDY: C19H25N3O3) with delta m/z -1.959 (putative explanation: Cys->Thr substitution; atomic difference: 1C,2H,1O,-1S) [M+H]+	LC-ESI	qTof	Crude	Pieter Dorrestein	Wout Bittremieux	[M+H]+	344.199	0.0	1	N/A	N/A	N/A	N/A	N/A	4	Positive	GNPS-SUSPECTLIST	344.199	UPDATE-SINGLE-ANNOTATED-BRONZE	Insilico		N/A	N/A	N/A	N/A	N/A	N/A	N/A	N/A	N/A	mzspec:GNPS:GNPS-LIBRARY:CCMSLIB00012141362
CCMSLIB00012087971	3245	spectra_filtered.mgf	GNPS-SUSPECTLIST.mgf	0.811549	3678	0	0.597885	9	0.000213623	357.298	1	temp/spectra_filtered.mgf3245	1	Suspect related to 1-(10Z-Heptadecenoyl)-sn-glycero-3-phospho-(1'-rac-glycerol) (predicted molecular formula SIRIUS: unknown / BUDDY: C20H45N6O8P) with delta m/z 32.026 (putative explanation: unspecified; atomic difference: 1C,4H,1O) [M-C3H9O6P+H]+	ESI	Hybrid FT	Crude	Pieter Dorrestein	Wout Bittremieux	[M-C3H9O6P+H]+	357.298	0.0	1	N/A	N/A	N/A	N/A	N/A	4	Positive	GNPS-SUSPECTLIST	357.298	UPDATE-SINGLE-ANNOTATED-BRONZE	Insilico		N/A	N/A	N/A	N/A	N/A	N/A	N/A	N/A	N/A	mzspec:GNPS:GNPS-LIBRARY:CCMSLIB00012087971
CCMSLIB00012133215	2415	spectra_filtered.mgf	GNPS-SUSPECTLIST.mgf	0.808597	22820	0	6.28805	5	0.00183105	291.194	1	temp/spectra_filtered.mgf2415	1	Suspect related to NCGC00381406-01!2-heptyl-3,6-dihydroxy-5-(3-methylbut-2-enyl)benzaldehyde (predicted molecular formula SIRIUS: C18H26O3 / BUDDY: C18H26O3) with delta m/z -14.016 (putative explanation: Ala->Gly substitution|Gln->Asn substitution|Glu->Asp substitution|Leu/Ile->Val substitution|Thr->Ser substitution; atomic difference: -1C,-2H|-1C,-2H|-1C,-2H|-1C,-2H|-1C,-2H) [M+H]+	LC-ESI	qTof	Crude	Pieter Dorrestein	Wout Bittremieux	[M+H]+	291.196	0.0	1	N/A	N/A	N/A	InChI=1S/C19H28O3/c1-4-5-6-7-8-9-16-17(13-20)19(22)15(12-18(16)21)11-10-14(2)3/h10,12-13,21-22H,4-9,11H2,1-3H3 - 14.016 Da	N/A	4	Positive	GNPS-SUSPECTLIST	291.196	UPDATE-SINGLE-ANNOTATED-BRONZE	Insilico		N/A	N/A	N/A	N/A	N/A	N/A	N/A	N/A	N/A	mzspec:GNPS:GNPS-LIBRARY:CCMSLIB00012133215
CCMSLIB00012135368	1984	spectra_filtered.mgf	GNPS-SUSPECTLIST.mgf	0.808324	3113	0	166.183	5	0.0354156	213.147	1	temp/spectra_filtered.mgf1984	1	Suspect related to NCGC00385243-01_C12H18O4_{(1R,2R)-2-[(2Z)-5-Hydroxy-2-penten-1-yl]-3-oxocyclopentyl}acetic acid (predicted molecular formula SIRIUS: C11H16O4 / BUDDY: C11H16O4) with delta m/z -14.016 (putative explanation: Ala->Gly substitution|Gln->Asn substitution|Glu->Asp substitution|Leu/Ile->Val substitution|Thr->Ser substitution; atomic difference: -1C,-2H|-1C,-2H|-1C,-2H|-1C,-2H|-1C,-2H) [M+H]+	LC-ESI	qTof	Crude	Pieter Dorrestein	Wout Bittremieux	[M+H]+	213.112	0.0	1	N/A	N/A	N/A	InChI=1S/C12H18O4/c13-7-3-1-2-4-10-9(8-12(15)16)5-6-11(10)14/h1-2,9-10,13H,3-8H2,(H,15,16)/b2-1-/t9-,10-/m1/s1 - 14.016 Da	N/A	4	Positive	GNPS-SUSPECTLIST	213.112	UPDATE-SINGLE-ANNOTATED-BRONZE	Insilico		N/A	N/A	N/A	N/A	N/A	N/A	N/A	N/A	N/A	mzspec:GNPS:GNPS-LIBRARY:CCMSLIB00012135368
CCMSLIB00005467711	480	spectra_filtered.mgf	GNPS-LIBRARY.mgf	0.807998	31486	0	7.06813	9	0.00231934	328.138	1	temp/spectra_filtered.mgf480	1	N-(1-Deoxy-1-fructosyl)phenylalanine	LC-ESI	qTof	Isolated	Claudia Maier	Armando Alcazar	M+H	328.14	0.0	1	 	 	 	 	 	3	Positive	GNPS-LIBRARY	328.14	UPDATE-SINGLE-ANNOTATED-BRONZE	Bronze		N/A	N/A	N/A	N/A	N/A	N/A	N/A	N/A	N/A	mzspec:GNPS:GNPS-LIBRARY:CCMSLIB00005467711
CCMSLIB00010127350	1097	spectra_filtered.mgf	GNPS-LIBRARY.mgf	0.807235	5902	0	4.37023	8	0.00149536	342.169	1	temp/spectra_filtered.mgf1097	1	Magnoflorine	LC-ESI	Orbitrap	Commercial	Kellogg	Kellogg	M+	342.17	342.171	1	2141-09-5	73337	C[N+]1(CCC2=CC(=C(C3=C2C1CC4=C3C(=C(C=C4)OC)O)O)OC)C	1S/C20H23NO4/c1-21(2)8-7-12-10-15(25-4)20(23)18-16(12)13(21)9-11-5-6-14(24-3)19(22)17(11)18/h5-6,10,13H,7-9H2,1-4H3,(H-,22,23)/p+1/t13-/m0/s1	 	3	Positive	GNPS-LIBRARY	342.17	UPDATE-SINGLE-ANNOTATED-BRONZE	Bronze		N/A	YLRXAIKMLINXQY-UHFFFAOYSA-O	YLRXAIKMLINXQY	N/A	N/A	N/A	N/A	N/A	N/A	mzspec:GNPS:GNPS-LIBRARY:CCMSLIB00010127350
CCMSLIB00012121520	479	spectra_filtered.mgf	GNPS-SUSPECTLIST.mgf	0.806944	4550	0	5.21535	8	0.00161743	310.127	1	temp/spectra_filtered.mgf479	1	Suspect related to Massbank:PR310825 N-Fructosyl isoleucine (predicted molecular formula SIRIUS: C15H21NO7 / BUDDY: C16H17N5O3) with delta m/z 33.985 (putative explanation: Leu/Ile->Phe substitution; atomic difference: 3C,-2H) [M-H2O+H]+	ESI	qTof	Crude	Pieter Dorrestein	Wout Bittremieux	[M-H2O+H]+	310.129	0.0	1	N/A	N/A	N/A	1S/C12H23NO7/c1-3-6(2)8(11(17)18)13-5-12(19)10(16)9(15)7(4-14)20-12/h6-10,13-16,19H,3-5H2,1-2H3,(H,17,18) + 33.985 Da	N/A	4	Positive	GNPS-SUSPECTLIST	310.129	UPDATE-SINGLE-ANNOTATED-BRONZE	Insilico		N/A	N/A	N/A	N/A	N/A	N/A	N/A	N/A	N/A	mzspec:GNPS:GNPS-LIBRARY:CCMSLIB00012121520
CCMSLIB00012126110	4472	spectra_filtered.mgf	GNPS-SUSPECTLIST.mgf	0.806265	68523	0	3.98176	6	0.00213623	536.502	1	temp/spectra_filtered.mgf4472	1	Suspect related to N-(1,3-dihydroxyoctadec-4-en-2-yl)tetradecanamide (predicted molecular formula SIRIUS: C34H65NO3 / BUDDY: C34H65NO3) with delta m/z 26.016 (putative explanation: Acetaldehyde +26|Ala->Pro substitution|unspecified; atomic difference: 2C,2H|2C,2H|2C,2H) [M+H]+	LC-ESI	qTof	Crude	Pieter Dorrestein	Wout Bittremieux	[M+H]+	536.504	0.0	1	N/A	N/A	N/A	N/A	N/A	4	Positive	GNPS-SUSPECTLIST	536.504	UPDATE-SINGLE-ANNOTATED-BRONZE	Insilico		N/A	N/A	N/A	N/A	N/A	N/A	N/A	N/A	N/A	mzspec:GNPS:GNPS-LIBRARY:CCMSLIB00012126110
CCMSLIB00012152054	2902	spectra_filtered.mgf	GNPS-SUSPECTLIST.mgf	0.801973	7909	0	2.0689	9	0.000579834	280.261	1	temp/spectra_filtered.mgf2902	1	Suspect related to Spectral Match to Conjugated linoleic acid (9E,11E) from NIST14 (predicted molecular formula SIRIUS: unknown / BUDDY: C18H35NO2) with delta m/z 17.027 (putative explanation: replacement of proton with ammonium ion; atomic difference: 3H,1N) [M-H2O+H]+	ESI	Orbitrap	Crude	Pieter Dorrestein	Wout Bittremieux	[M-H2O+H]+	280.262	0.0	1	N/A	N/A	N/A	N/A	N/A	4	Positive	GNPS-SUSPECTLIST	280.262	UPDATE-SINGLE-ANNOTATED-BRONZE	Insilico		N/A	N/A	N/A	N/A	N/A	N/A	N/A	N/A	N/A	mzspec:GNPS:GNPS-LIBRARY:CCMSLIB00012152054
CCMSLIB00008851506	406	spectra_filtered.mgf	GNPS-LIBRARY.mgf	0.801484	2076	0	6.32738	6	0.00152588	241.153	1	temp/spectra_filtered.mgf406	1	closest TMAP match from https://pubs.acs.org/doi/abs/10.1021/acs.analchem.1c04378	LC-ESI	qTof	Lysate	Dorrestein	Pieter	M+H	241.155	0.0	0	 	 	 	 	 	3	Positive	GNPS-LIBRARY	241.155	UPDATE-SINGLE-ANNOTATED-BRONZE	Bronze		N/A	N/A	N/A	N/A	N/A	N/A	N/A	N/A	N/A	mzspec:GNPS:GNPS-LIBRARY:CCMSLIB00008851506
CCMSLIB00012155540	3982	spectra_filtered.mgf	GNPS-SUSPECTLIST.mgf	0.799919	20296	0	2.7081	6	0.00268555	991.669	1	temp/spectra_filtered.mgf3982	1	Suspect related to Spectral Match to Lyso-PC(16:0) from NIST14 (predicted molecular formula SIRIUS: C48H100N2O14P2 / BUDDY: C51H94N2O16) with delta m/z 495.329 (putative explanation: unspecified; atomic difference: unspecified) [M+H]+	ESI	qTof	Crude	Pieter Dorrestein	Wout Bittremieux	[M+H]+	991.672	0.0	1	N/A	N/A	N/A	N/A	N/A	4	Positive	GNPS-SUSPECTLIST	991.672	UPDATE-SINGLE-ANNOTATED-BRONZE	Insilico		N/A	N/A	N/A	N/A	N/A	N/A	N/A	N/A	N/A	mzspec:GNPS:GNPS-LIBRARY:CCMSLIB00012155540
CCMSLIB00012146046	3213	spectra_filtered.mgf	GNPS-SUSPECTLIST.mgf	0.799627	4781	0	4.11193	8	0.00219727	534.362	1	temp/spectra_filtered.mgf3213	1	Suspect related to Spectral Match to 1-Linoleoylglycerol from NIST14 (predicted molecular formula SIRIUS: C27H51NO9 / BUDDY: C27H51NO9) with delta m/z 179.079 (putative explanation: unspecified; atomic difference: unspecified) [M+H]+	ESI	Orbitrap	Crude	Pieter Dorrestein	Wout Bittremieux	[M+H]+	534.364	0.0	1	N/A	N/A	N/A	N/A	N/A	4	Positive	GNPS-SUSPECTLIST	534.364	UPDATE-SINGLE-ANNOTATED-BRONZE	Insilico		N/A	N/A	N/A	N/A	N/A	N/A	N/A	N/A	N/A	mzspec:GNPS:GNPS-LIBRARY:CCMSLIB00012146046
CCMSLIB00005436048	966	spectra_filtered.mgf	GNPS-LIBRARY.mgf	0.797844	1466	0	16.545	5	0.00546265	330.165	1	temp/spectra_filtered.mgf966	1	Reticuline	LC-ESI	qTof	Crude	KOOLEN/ANGOLINI	ANGOLINI	M+H	330.17	329.163	1	 	 	OC1=C(OC)C=C2C([C@](CC3=CC(O)=C(OC)C=C3)([H])N(C)CC2)=C1	InChI=1S/C19H23NO4/c1-20-7-6-13-10-19(24-3)17(22)11-14(13)15(20)8-12-4-5-18(23-2)16(21)9-12/h4-5,9-11,15,21-22H,6-8H2,1-3H3/t15-/m1/s1	 	3	Positive	GNPS-LIBRARY	330.17	UPDATE-SINGLE-ANNOTATED-BRONZE	Bronze		C19H23NO4	BHLYRWXGMIUIHG-OAHLLOKOSA-N	BHLYRWXGMIUIHG	Organoheterocyclic compounds	Isoquinolines and derivatives	Benzylisoquinolines	Tyrosine alkaloids	Isoquinoline alkaloids|Tetrahydroisoquinoline alkaloids	Alkaloids	mzspec:GNPS:GNPS-LIBRARY:CCMSLIB00005436048
CCMSLIB00012127385	782	spectra_filtered.mgf	GNPS-SUSPECTLIST.mgf	0.797684	7091	0	3.10835	8	0.000976562	314.173	1	temp/spectra_filtered.mgf782	1	Suspect related to N-methylcoclaurine (predicted molecular formula SIRIUS: C11H27N3O5S / BUDDY: C19H23NO3) with delta m/z 14.016 (putative explanation: Asn->Gln substitution|Asp->Glu substitution|Gly->Ala substitution|Methylation|Ser->Thr substitution|Val->Leu/Ile substitution|chain elongation; atomic difference: 1C,2H|1C,2H|1C,2H|1C,2H|1C,2H|1C,2H|1C,2H) [M+H]+	LC-ESI	qTof	Crude	Pieter Dorrestein	Wout Bittremieux	[M+H]+	314.174	0.0	1	N/A	N/A	N/A	N/A	N/A	4	Positive	GNPS-SUSPECTLIST	314.174	UPDATE-SINGLE-ANNOTATED-BRONZE	Insilico		N/A	N/A	N/A	N/A	N/A	N/A	N/A	N/A	N/A	mzspec:GNPS:GNPS-LIBRARY:CCMSLIB00012127385
CCMSLIB00012098495	3401	spectra_filtered.mgf	GNPS-SUSPECTLIST.mgf	0.797014	3852	0	3.11117	7	0.000762939	245.225	1	temp/spectra_filtered.mgf3401	1	Suspect related to 5-Hydroxy-6E,8Z,11Z,14Z-eicosatetraenoic acid, methyl ester (predicted molecular formula SIRIUS: unknown / BUDDY: C19H36O3) with delta m/z -21.984 (putative explanation: glyoxal-derived AGE (reverse)|Sodium adduct (reverse); atomic difference: -2C,2H|1H,-1Na) [M-CH8O3+H]+	ESI	Orbitrap	Crude	Pieter Dorrestein	Wout Bittremieux	[M-CH8O3+H]+	245.226	0.0	1	N/A	N/A	N/A	InChI=1S/C21H34O3/c1-3-4-5-6-7-8-9-10-11-12-13-14-15-17-20(22)18-16-19-21(23)24-2/h7-8,10-11,13-15,17,20,22H,3-6,9,12,16,18-19H2,1-2H3/b8-7-,11-10-,14-13-,17-15+ - 21.984 Da	N/A	4	Positive	GNPS-SUSPECTLIST	245.226	UPDATE-SINGLE-ANNOTATED-BRONZE	Insilico		N/A	N/A	N/A	N/A	N/A	N/A	N/A	N/A	N/A	mzspec:GNPS:GNPS-LIBRARY:CCMSLIB00012098495
CCMSLIB00012158239	3066	spectra_filtered.mgf	GNPS-SUSPECTLIST.mgf	0.793738	2167	0	3.77075	5	0.00106812	283.262	1	temp/spectra_filtered.mgf3066	1	Suspect related to Spectral Match to Pinolenic acid from NIST14 (predicted molecular formula SIRIUS: C18H34O2 / BUDDY: C18H34O2) with delta m/z 4.032 (putative explanation: x2 reduction; atomic difference: 4H) [M+H]+	ESI	Orbitrap	Crude	Pieter Dorrestein	Wout Bittremieux	[M+H]+	283.263	0.0	1	N/A	N/A	N/A	N/A	N/A	4	Positive	GNPS-SUSPECTLIST	283.263	UPDATE-SINGLE-ANNOTATED-BRONZE	Insilico		N/A	N/A	N/A	N/A	N/A	N/A	N/A	N/A	N/A	mzspec:GNPS:GNPS-LIBRARY:CCMSLIB00012158239
CCMSLIB00017433327	1444	spectra_filtered.mgf	GNPS-ION-MOBILITY-LIBRARY.mgf	0.787713	4465	0	0.403901	12	0.000183105	453.342	1	temp/spectra_filtered.mgf1444	1	gemfibrozile_2,6-di-tert-butyl-4-methylphenol [CCS=211.19850158691406]	LC-ESI	ToF	Crude	Pieter Dorrestein	victoriadeleray	[M+H]+	453.342	452.335	1	N/A	N/A	Cc1ccc(C)c(OCCCC(C)(C)C(=O)Oc2c(C(C)(C)C)cc(C)cc2C(C)(C)C)c1	InChI=1S/C30H44O3/c1-20-13-14-22(3)25(19-20)32-16-12-15-30(10,11)27(31)33-26-23(28(4,5)6)17-21(2)18-24(26)29(7,8)9/h13-14,17-19H,12,15-16H2,1-11H3	N/A	1	Positive	GNPS-ION-MOBILITY-LIBRARY	453.342	UPDATE-SINGLE-ANNOTATED-GOLD	Gold		C30H44O3	MLRZUMHKKWLFGY-UHFFFAOYSA-N	MLRZUMHKKWLFGY	N/A	N/A	N/A				mzspec:GNPS:GNPS-LIBRARY:CCMSLIB00017433327
CCMSLIB00012096109	4476	spectra_filtered.mgf	GNPS-SUSPECTLIST.mgf	0.783286	1879	0	58.5785	6	0.021637	369.345	1	temp/spectra_filtered.mgf4476	1	Suspect related to 25-Hydroxycholesterol (predicted molecular formula SIRIUS: unknown / BUDDY: C20H48N6O2) with delta m/z 2.027 (putative explanation: unspecified; atomic difference: unspecified) [M-2H2O+H]+	ESI	Orbitrap	Crude	Pieter Dorrestein	Wout Bittremieux	[M-2H2O+H]+	369.367	0.0	1	N/A	N/A	N/A	InChI=1S/C27H46O2/c1-18(7-6-14-25(2,3)29)22-10-11-23-21-9-8-19-17-20(28)12-15-26(19,4)24(21)13-16-27(22,23)5/h8,18,20-24,28-29H,6-7,9-17H2,1-5H3/t18-,20+,21+,22-,23+,24+,26+,27-/m1/s1 + 2.027 Da	N/A	4	Positive	GNPS-SUSPECTLIST	369.367	UPDATE-SINGLE-ANNOTATED-BRONZE	Insilico		N/A	N/A	N/A	N/A	N/A	N/A	N/A	N/A	N/A	mzspec:GNPS:GNPS-LIBRARY:CCMSLIB00012096109
CCMSLIB00012087971	3146	spectra_filtered.mgf	GNPS-SUSPECTLIST.mgf	0.777342	1514	0	0.0854121	7	3.05176e-05	357.298	1	temp/spectra_filtered.mgf3146	1	Suspect related to 1-(10Z-Heptadecenoyl)-sn-glycero-3-phospho-(1'-rac-glycerol) (predicted molecular formula SIRIUS: unknown / BUDDY: C20H45N6O8P) with delta m/z 32.026 (putative explanation: unspecified; atomic difference: 1C,4H,1O) [M-C3H9O6P+H]+	ESI	Hybrid FT	Crude	Pieter Dorrestein	Wout Bittremieux	[M-C3H9O6P+H]+	357.298	0.0	1	N/A	N/A	N/A	N/A	N/A	4	Positive	GNPS-SUSPECTLIST	357.298	UPDATE-SINGLE-ANNOTATED-BRONZE	Insilico		N/A	N/A	N/A	N/A	N/A	N/A	N/A	N/A	N/A	mzspec:GNPS:GNPS-LIBRARY:CCMSLIB00012087971
CCMSLIB00012121515	366	spectra_filtered.mgf	GNPS-SUSPECTLIST.mgf	0.767313	5098	0	4.61569	10	0.00210571	456.206	1	temp/spectra_filtered.mgf366	1	Suspect related to Massbank:PR310824 N-Fructosyl isoleucine (predicted molecular formula SIRIUS: C18H33NO12 / BUDDY: C24H29N3O6) with delta m/z 162.053 (putative explanation: Glucuronidation|Hexose; atomic difference: 6C,10H,5O|6C,10H,5O) [M+H]+	ESI	qTof	Crude	Pieter Dorrestein	Wout Bittremieux	[M+H]+	456.208	0.0	1	N/A	N/A	N/A	1S/C12H23NO7/c1-3-6(2)8(11(17)18)13-5-12(19)10(16)9(15)7(4-14)20-12/h6-10,13-16,19H,3-5H2,1-2H3,(H,17,18) + 162.053 Da	N/A	4	Positive	GNPS-SUSPECTLIST	456.208	UPDATE-SINGLE-ANNOTATED-BRONZE	Insilico		N/A	N/A	N/A	N/A	N/A	N/A	N/A	N/A	N/A	mzspec:GNPS:GNPS-LIBRARY:CCMSLIB00012121515
CCMSLIB00012148817	3419	spectra_filtered.mgf	GNPS-SUSPECTLIST.mgf	0.766139	1658	0	125.516	6	0.0423279	337.272	1	temp/spectra_filtered.mgf3419	1	Suspect related to Spectral Match to 13S-Hydroxy-9Z,11E,15Z-octadecatrienoic acid from NIST14 (predicted molecular formula SIRIUS: C20H34O5 / BUDDY: C19H34N2O2S) with delta m/z 60.021 (putative explanation: unspecified|unspecified; atomic difference: 2C,4H,2O|2H,3N,1O) [M-H2O+H]+	ESI	Orbitrap	Crude	Pieter Dorrestein	Wout Bittremieux	[M-H2O+H]+	337.23	0.0	1	N/A	N/A	N/A	N/A	N/A	4	Positive	GNPS-SUSPECTLIST	337.23	UPDATE-SINGLE-ANNOTATED-BRONZE	Insilico		N/A	N/A	N/A	N/A	N/A	N/A	N/A	N/A	N/A	mzspec:GNPS:GNPS-LIBRARY:CCMSLIB00012148817
CCMSLIB00012125638	3477	spectra_filtered.mgf	GNPS-SUSPECTLIST.mgf	0.764118	5726	0	39.8859	8	0.0142517	357.298	1	temp/spectra_filtered.mgf3477	1	Suspect related to Monolinolenin (9c,12c,15c) (predicted molecular formula SIRIUS: C25H40O / BUDDY: C20H40N2O3) with delta m/z 4.04 (putative explanation: unspecified; atomic difference: unspecified) [M+H]+	ESI	Orbitrap	Crude	Pieter Dorrestein	Wout Bittremieux	[M+H]+	357.312	0.0	1	N/A	N/A	N/A	InChI=1S/C21H36O4/c1-2-3-4-5-6-7-8-9-10-11-12-13-14-15-16-17-21(24)25-19-20(23)18-22/h3-4,6-7,9-10,20,22-23H,2,5,8,11-19H2,1H3/b4-3-,7-6-,10-9- + 4.040 Da	N/A	4	Positive	GNPS-SUSPECTLIST	357.312	UPDATE-SINGLE-ANNOTATED-BRONZE	Insilico		N/A	N/A	N/A	N/A	N/A	N/A	N/A	N/A	N/A	mzspec:GNPS:GNPS-LIBRARY:CCMSLIB00012125638
CCMSLIB00012135372	2633	spectra_filtered.mgf	GNPS-SUSPECTLIST.mgf	0.760276	4622	0	4.99587	5	0.00146484	293.21	1	temp/spectra_filtered.mgf2633	1	Suspect related to NCGC00385243-01_C12H18O4_{(1R,2R)-2-[(2Z)-5-Hydroxy-2-penten-1-yl]-3-oxocyclopentyl}acetic acid (predicted molecular formula SIRIUS: C18H28O3 / BUDDY: C18H28O3) with delta m/z 66.083 (putative explanation: unspecified; atomic difference: unspecified) [M+H]+	LC-ESI	qTof	Crude	Pieter Dorrestein	Wout Bittremieux	[M+H]+	293.211	0.0	1	N/A	N/A	N/A	InChI=1S/C12H18O4/c13-7-3-1-2-4-10-9(8-12(15)16)5-6-11(10)14/h1-2,9-10,13H,3-8H2,(H,15,16)/b2-1-/t9-,10-/m1/s1 + 66.083 Da	N/A	4	Positive	GNPS-SUSPECTLIST	293.211	UPDATE-SINGLE-ANNOTATED-BRONZE	Insilico		N/A	N/A	N/A	N/A	N/A	N/A	N/A	N/A	N/A	mzspec:GNPS:GNPS-LIBRARY:CCMSLIB00012135372
CCMSLIB00005724864	1833	spectra_filtered.mgf	GNPS-LIBRARY.mgf	0.754156	21101	0	15.9738	5	0.0111084	695.402	1	temp/spectra_filtered.mgf1833	1	(10E,15E)-9,12,13-trihydroxyoctadeca-10,15-dienoic acid	ESI	Orbitrap	Isolated	Wolfender	Luis Quiros-Guerrero	2M+K	695.413	328.225	1	N/A	N/A	CC/C=C/CC(C(/C=C/C(CCCCCCCC(O)=O)O)O)O	InChI=1S/C18H32O5/c1-2-3-7-11-16(20)17(21)14-13-15(19)10-8-5-4-6-9-12-18(22)23/h3,7,13-17,19-21H,2,4-6,8-12H2,1H3,(H,22,23)	N/A	1	Positive	GNPS-LIBRARY	695.413	UPDATE-SINGLE-ANNOTATED-GOLD	Gold		C18H32O5	MKYUCBXUUSZMQB-NMABCHCUSA-N	MKYUCBXUUSZMQB	Lipids and lipid-like molecules	Fatty Acyls	Lineolic acids and derivatives	Octadecanoids	Other Octadecanoids	Fatty acids	mzspec:GNPS:GNPS-LIBRARY:CCMSLIB00005724864
CCMSLIB00012098144	3828	spectra_filtered.mgf	GNPS-SUSPECTLIST.mgf	0.752365	22121	0	4.77439	7	0.00134277	281.246	1	temp/spectra_filtered.mgf3828	1	Suspect related to 5,8,11,14-Eicosatetraenoic acid, 16-hydroxy-, (5Z,8Z,11Z,14Z,16S)- (predicted molecular formula SIRIUS: C18H34O3 / BUDDY: C14H30N6O) with delta m/z -21.984 (putative explanation: glyoxal-derived AGE (reverse)|Sodium adduct (reverse); atomic difference: -2C,2H|1H,-1Na) [M-H2O+H]+	ESI	Orbitrap	Crude	Pieter Dorrestein	Wout Bittremieux	[M-H2O+H]+	281.245	0.0	1	N/A	N/A	N/A	InChI=1S/C20H32O3/c1-2-3-16-19(21)17-14-12-10-8-6-4-5-7-9-11-13-15-18-20(22)23/h4-5,8-11,14,17,19,21H,2-3,6-7,12-13,15-16,18H2,1H3,(H,22,23)/b5-4-,10-8-,11-9-,17-14-/t19-/m0/s1 - 21.984 Da	N/A	4	Positive	GNPS-SUSPECTLIST	281.245	UPDATE-SINGLE-ANNOTATED-BRONZE	Insilico		N/A	N/A	N/A	N/A	N/A	N/A	N/A	N/A	N/A	mzspec:GNPS:GNPS-LIBRARY:CCMSLIB00012098144
CCMSLIB00012111558	3709	spectra_filtered.mgf	GNPS-SUSPECTLIST.mgf	0.752292	1933	0	2.18597	5	0.000579834	265.251	1	temp/spectra_filtered.mgf3709	1	Suspect related to Linolenic acid ethyl ester (predicted molecular formula SIRIUS: C18H32O / BUDDY: C18H32O) with delta m/z -42.01 (putative explanation: Glu->Ser substitution|Hydrolysis, deacetylation; atomic difference: -2C,-2H,-1O|-2C,-2H,-1O) [M+H]+	ESI	Orbitrap	Crude	Pieter Dorrestein	Wout Bittremieux	[M+H]+	265.252	0.0	1	N/A	N/A	N/A	InChI=1S/C20H34O2/c1-3-5-6-7-8-9-10-11-12-13-14-15-16-17-18-19-20(21)22-4-2/h5-6,8-9,11-12H,3-4,7,10,13-19H2,1-2H3/b6-5-,9-8-,12-11- - 42.010 Da	N/A	4	Positive	GNPS-SUSPECTLIST	265.252	UPDATE-SINGLE-ANNOTATED-BRONZE	Insilico		N/A	N/A	N/A	N/A	N/A	N/A	N/A	N/A	N/A	mzspec:GNPS:GNPS-LIBRARY:CCMSLIB00012111558
CCMSLIB00012100250	1830	spectra_filtered.mgf	GNPS-SUSPECTLIST.mgf	0.751283	4600	0	1.39066	7	0.000427246	307.225	1	temp/spectra_filtered.mgf1830	1	Suspect related to 8S-Hydroxy-5Z,9E,11Z,14Z-eicosatetraenoic acid (predicted molecular formula SIRIUS: C15H28N6O2 / BUDDY: C19H32O4) with delta m/z 3.995 (putative explanation: Pro->Thr substitution|tryptophan oxidation to kynurenin|Oxidative cleavage; atomic difference: -1C,1O|-1C,1O|1O,-1C) [M-H2O+H]+	ESI	Orbitrap	Crude	Pieter Dorrestein	Wout Bittremieux	[M-H2O+H]+	307.225	0.0	1	N/A	N/A	N/A	InChI=1S/C20H32O3/c1-2-3-4-5-6-7-8-9-10-13-16-19(21)17-14-11-12-15-18-20(22)23/h6-7,9-11,13-14,16,19,21H,2-5,8,12,15,17-18H2,1H3,(H,22,23)/b7-6-,10-9-,14-11-,16-13+/t19-/m1/s1 + 3.995 Da	N/A	4	Positive	GNPS-SUSPECTLIST	307.225	UPDATE-SINGLE-ANNOTATED-BRONZE	Insilico		N/A	N/A	N/A	N/A	N/A	N/A	N/A	N/A	N/A	mzspec:GNPS:GNPS-LIBRARY:CCMSLIB00012100250
CCMSLIB00012111173	1969	spectra_filtered.mgf	GNPS-SUSPECTLIST.mgf	0.747746	3954	0	3.96309	5	0.00109863	277.215	1	temp/spectra_filtered.mgf1969	1	Suspect related to Linoelaidic acid (predicted molecular formula SIRIUS: C18H32O4 / BUDDY: C18H32O4) with delta m/z 31.99 (putative explanation: (Di)hydroxylation|Pro->Glu substitution|dihydroxy; atomic difference: 2O|2O|2O) [M-2H2O+H]+	ESI	Orbitrap	Crude	Pieter Dorrestein	Wout Bittremieux	[M-2H2O+H]+	277.216	0.0	1	N/A	N/A	N/A	InChI=1S/C18H32O2/c1-2-3-4-5-6-7-8-9-10-11-12-13-14-15-16-17-18(19)20/h6-7,9-10H,2-5,8,11-17H2,1H3,(H,19,20)/b7-6+,10-9+ + 31.990 Da	N/A	4	Positive	GNPS-SUSPECTLIST	277.216	UPDATE-SINGLE-ANNOTATED-BRONZE	Insilico		N/A	N/A	N/A	N/A	N/A	N/A	N/A	N/A	N/A	mzspec:GNPS:GNPS-LIBRARY:CCMSLIB00012111173
CCMSLIB00012136895	3713	spectra_filtered.mgf	GNPS-SUSPECTLIST.mgf	0.746358	1914	0	4.50527	5	0.00111389	247.241	1	temp/spectra_filtered.mgf3713	1	Suspect related to NCGC00385919-01_C20H34O_2-Penten-1-ol, 5-[(1S,4aS,8aS)-decahydro-5,5,8a-trimethyl-2-methylene-1-naphthalenyl]-3-methyl-, (2E)- (predicted molecular formula SIRIUS: C18H30 / BUDDY: C18H30) with delta m/z -44.026 (putative explanation: Dealkoxylation, dehydroxyethylation|Thr->Gly substitution; atomic difference: -1C,-2H,-1O|-2C,-4H,-1O) [M+H]+	LC-ESI	qTof	Crude	Pieter Dorrestein	Wout Bittremieux	[M+H]+	247.242	0.0	1	N/A	N/A	N/A	InChI=1S/C20H34O/c1-15(11-14-21)7-9-17-16(2)8-10-18-19(3,4)12-6-13-20(17,18)5/h11,17-18,21H,2,6-10,12-14H2,1,3-5H3/b15-11- - 44.026 Da	N/A	4	Positive	GNPS-SUSPECTLIST	247.242	UPDATE-SINGLE-ANNOTATED-BRONZE	Insilico		N/A	N/A	N/A	N/A	N/A	N/A	N/A	N/A	N/A	mzspec:GNPS:GNPS-LIBRARY:CCMSLIB00012136895
CCMSLIB00012152054	2639	spectra_filtered.mgf	GNPS-SUSPECTLIST.mgf	0.745673	18634	0	0.980005	10	0.000274658	280.262	1	temp/spectra_filtered.mgf2639	1	Suspect related to Spectral Match to Conjugated linoleic acid (9E,11E) from NIST14 (predicted molecular formula SIRIUS: unknown / BUDDY: C18H35NO2) with delta m/z 17.027 (putative explanation: replacement of proton with ammonium ion; atomic difference: 3H,1N) [M-H2O+H]+	ESI	Orbitrap	Crude	Pieter Dorrestein	Wout Bittremieux	[M-H2O+H]+	280.262	0.0	1	N/A	N/A	N/A	N/A	N/A	4	Positive	GNPS-SUSPECTLIST	280.262	UPDATE-SINGLE-ANNOTATED-BRONZE	Insilico		N/A	N/A	N/A	N/A	N/A	N/A	N/A	N/A	N/A	mzspec:GNPS:GNPS-LIBRARY:CCMSLIB00012152054
CCMSLIB00012090133	3752	spectra_filtered.mgf	GNPS-SUSPECTLIST.mgf	0.744163	21308	0	0.781215	12	0.000793457	1015.67	1	temp/spectra_filtered.mgf3752	1	Suspect related to 1-Palmitoyl-sn-glycero-3-phosphocholine (predicted molecular formula SIRIUS: unknown / BUDDY: C27H45N3O6) with delta m/z 24.0 (putative explanation: unspecified; atomic difference: 2C) [2M+H]+	ESI	Orbitrap	Crude	Pieter Dorrestein	Wout Bittremieux	[2M+H]+	1015.67	0.0	1	N/A	N/A	N/A	InChI=1S/C24H50NO7P/c1-5-6-7-8-9-10-11-12-13-14-15-16-17-18-24(27)30-21-23(26)22-32-33(28,29)31-20-19-25(2,3)4/h23,26H,5-22H2,1-4H3/t23-/m1/s1 + 24.000 Da	N/A	4	Positive	GNPS-SUSPECTLIST	1015.67	UPDATE-SINGLE-ANNOTATED-BRONZE	Insilico		N/A	N/A	N/A	N/A	N/A	N/A	N/A	N/A	N/A	mzspec:GNPS:GNPS-LIBRARY:CCMSLIB00012090133
CCMSLIB00012144293	1222	spectra_filtered.mgf	GNPS-SUSPECTLIST.mgf	0.741427	1855	0	6.37214	5	0.00286865	450.184	1	temp/spectra_filtered.mgf1222	1	Suspect related to Spectral Match to 1-(9Z-Octadecenoyl)-sn-glycero-3-phosphocholine from NIST14 (predicted molecular formula SIRIUS: C17H34NO9P / BUDDY: C24H29NO6) with delta m/z -94.152 (putative explanation: unspecified; atomic difference: unspecified) [M+Na]+	ESI	Orbitrap	Crude	Pieter Dorrestein	Wout Bittremieux	[M+Na]+	450.187	0.0	1	N/A	N/A	N/A	N/A	N/A	4	Positive	GNPS-SUSPECTLIST	450.187	UPDATE-SINGLE-ANNOTATED-BRONZE	Insilico		N/A	N/A	N/A	N/A	N/A	N/A	N/A	N/A	N/A	mzspec:GNPS:GNPS-LIBRARY:CCMSLIB00012144293
CCMSLIB00012149026	2815	spectra_filtered.mgf	GNPS-SUSPECTLIST.mgf	0.741314	3053	0	9.27998	7	0.0027771	299.26	1	temp/spectra_filtered.mgf2815	1	Suspect related to Spectral Match to 2-Linoleoylglycerol from NIST14 (predicted molecular formula SIRIUS: C18H34O3 / BUDDY: C18H34O3) with delta m/z -56.027 (putative explanation: Beta-elimination (among others); atomic difference: -3C,-4H,-1O) [M+H]+	LC-ESI	qTof	Crude	Pieter Dorrestein	Wout Bittremieux	[M+H]+	299.257	0.0	1	N/A	N/A	N/A	InChI=1S/C21H38O4/c1-2-3-4-5-6-7-8-9-10-11-12-13-14-15-16-17-21(24)25-20(18-22)19-23/h6-7,9-10,20,22-23H,2-5,8,11-19H2,1H3/b7-6-,10-9- - 56.027 Da	N/A	4	Positive	GNPS-SUSPECTLIST	299.257	UPDATE-SINGLE-ANNOTATED-BRONZE	Insilico		N/A	N/A	N/A	N/A	N/A	N/A	N/A	N/A	N/A	mzspec:GNPS:GNPS-LIBRARY:CCMSLIB00012149026
CCMSLIB00012103817	2314	spectra_filtered.mgf	GNPS-SUSPECTLIST.mgf	0.737865	3162	0	2.58867	7	0.000823975	318.299	1	temp/spectra_filtered.mgf2314	1	Suspect related to C18_Sphingosine (predicted molecular formula SIRIUS: C16H37N4O2 / BUDDY: C18H39NO3) with delta m/z 18.01 (putative explanation: Proline oxidation to 5-hydroxy-2-aminovaleric acid|water; atomic difference: 2H,1O|2H,1O) [M+H]+	ESI	qTof	Crude	Pieter Dorrestein	Wout Bittremieux	[M+H]+	318.3	0.0	1	N/A	N/A	N/A	N/A	N/A	4	Positive	GNPS-SUSPECTLIST	318.3	UPDATE-SINGLE-ANNOTATED-BRONZE	Insilico		N/A	N/A	N/A	N/A	N/A	N/A	N/A	N/A	N/A	mzspec:GNPS:GNPS-LIBRARY:CCMSLIB00012103817
CCMSLIB00012084416	3522	spectra_filtered.mgf	GNPS-SUSPECTLIST.mgf	0.729246	2149	0	3.29784	6	0.000808716	245.225	1	temp/spectra_filtered.mgf3522	1	Suspect related to (R)-4-((3R,4R,5S,8S,9S,10R,13R,14S,17R)-3,4-dihydroxy-10,13-dimethylhexadecahydro-1H-cyclopenta[a]phenanthren-17-yl)pentanoic acid (predicted molecular formula SIRIUS: C18H32O2 / BUDDY: C18H32O2) with delta m/z -112.053 (putative explanation: Acrolein addition +112 (reverse); atomic difference: -6C,-8H,-2O) [M-2H2O+H]+	ESI	qTof	Crude	Pieter Dorrestein	Wout Bittremieux	[M-2H2O+H]+	245.226	0.0	1	N/A	N/A	N/A	InChI=1S/C24H40O4/c1-14(4-9-21(26)27)16-7-8-17-15-5-6-19-22(28)20(25)11-13-24(19,3)18(15)10-12-23(16,17)2/h14-20,22,25,28H,4-13H2,1-3H3,(H,26,27)/t14-,15+,16-,17+,18+,19-,20-,22-,23-,24-/m1/s1 - 112.053 Da	N/A	4	Positive	GNPS-SUSPECTLIST	245.226	UPDATE-SINGLE-ANNOTATED-BRONZE	Insilico		N/A	N/A	N/A	N/A	N/A	N/A	N/A	N/A	N/A	mzspec:GNPS:GNPS-LIBRARY:CCMSLIB00012084416
CCMSLIB00012152054	3390	spectra_filtered.mgf	GNPS-SUSPECTLIST.mgf	0.728241	9912	0	1.52445	9	0.000427246	280.262	1	temp/spectra_filtered.mgf3390	1	Suspect related to Spectral Match to Conjugated linoleic acid (9E,11E) from NIST14 (predicted molecular formula SIRIUS: unknown / BUDDY: C18H35NO2) with delta m/z 17.027 (putative explanation: replacement of proton with ammonium ion; atomic difference: 3H,1N) [M-H2O+H]+	ESI	Orbitrap	Crude	Pieter Dorrestein	Wout Bittremieux	[M-H2O+H]+	280.262	0.0	1	N/A	N/A	N/A	N/A	N/A	4	Positive	GNPS-SUSPECTLIST	280.262	UPDATE-SINGLE-ANNOTATED-BRONZE	Insilico		N/A	N/A	N/A	N/A	N/A	N/A	N/A	N/A	N/A	mzspec:GNPS:GNPS-LIBRARY:CCMSLIB00012152054
CCMSLIB00012104406	2548	spectra_filtered.mgf	GNPS-SUSPECTLIST.mgf	0.725256	7563	0	6.83486	10	0.00271606	397.381	1	temp/spectra_filtered.mgf2548	1																																
CCMSLIB00012104406	2295	spectra_filtered.mgf	GNPS-SUSPECTLIST.mgf	0.722575	4014	0	6.83486	8	0.00271606	397.381	1	temp/spectra_filtered.mgf2295	1																																
CCMSLIB00012157216	3513	spectra_filtered.mgf	GNPS-SUSPECTLIST.mgf	0.722265	22987	0	6.42901	7	0.00164795	256.328	0	temp/spectra_filtered.mgf3513	1	Suspect related to Spectral Match to Octadecanamide from NIST14 (predicted molecular formula SIRIUS: unknown / BUDDY: unknown) with delta m/z -27.961 (putative explanation: Tryptophan oxidation to beta-unsaturated-2,4-bis-tryptophandione (reverse); atomic difference: 4H,-2O) [M+H]+	ESI	QQQ	Crude	Pieter Dorrestein	Wout Bittremieux	[M+H]+	256.33	0.0	1	N/A	N/A	N/A	InChI=1S/C18H37NO/c1-2-3-4-5-6-7-8-9-10-11-12-13-14-15-16-17-18(19)20/h2-17H2,1H3,(H2,19,20) - 27.961 Da	N/A	4	Positive	GNPS-SUSPECTLIST	256.33	UPDATE-SINGLE-ANNOTATED-BRONZE	Insilico		N/A	N/A	N/A	N/A	N/A	N/A	N/A	N/A	N/A	mzspec:GNPS:GNPS-LIBRARY:CCMSLIB00012157216
CCMSLIB00012111267	3112	spectra_filtered.mgf	GNPS-SUSPECTLIST.mgf	0.721202	2617	0	6.4422	7	0.00228882	355.283	1	temp/spectra_filtered.mgf3112	1	Suspect related to Linoelaidic acid (predicted molecular formula SIRIUS: C22H36N4O / BUDDY: C21H40O5) with delta m/z 92.047 (putative explanation: unspecified; atomic difference: unspecified) [M-H2O+H]+	ESI	Orbitrap	Crude	Pieter Dorrestein	Wout Bittremieux	[M-H2O+H]+	355.285	0.0	1	N/A	N/A	N/A	InChI=1S/C18H32O2/c1-2-3-4-5-6-7-8-9-10-11-12-13-14-15-16-17-18(19)20/h6-7,9-10H,2-5,8,11-17H2,1H3,(H,19,20)/b7-6+,10-9+ + 92.047 Da	N/A	4	Positive	GNPS-SUSPECTLIST	355.285	UPDATE-SINGLE-ANNOTATED-BRONZE	Insilico		N/A	N/A	N/A	N/A	N/A	N/A	N/A	N/A	N/A	mzspec:GNPS:GNPS-LIBRARY:CCMSLIB00012111267
CCMSLIB00012098495	3824	spectra_filtered.mgf	GNPS-SUSPECTLIST.mgf	0.718147	2958	0	2.98672	6	0.000732422	245.225	1	temp/spectra_filtered.mgf3824	1	Suspect related to 5-Hydroxy-6E,8Z,11Z,14Z-eicosatetraenoic acid, methyl ester (predicted molecular formula SIRIUS: unknown / BUDDY: C19H36O3) with delta m/z -21.984 (putative explanation: glyoxal-derived AGE (reverse)|Sodium adduct (reverse); atomic difference: -2C,2H|1H,-1Na) [M-CH8O3+H]+	ESI	Orbitrap	Crude	Pieter Dorrestein	Wout Bittremieux	[M-CH8O3+H]+	245.226	0.0	1	N/A	N/A	N/A	InChI=1S/C21H34O3/c1-3-4-5-6-7-8-9-10-11-12-13-14-15-17-20(22)18-16-19-21(23)24-2/h7-8,10-11,13-15,17,20,22H,3-6,9,12,16,18-19H2,1-2H3/b8-7-,11-10-,14-13-,17-15+ - 21.984 Da	N/A	4	Positive	GNPS-SUSPECTLIST	245.226	UPDATE-SINGLE-ANNOTATED-BRONZE	Insilico		N/A	N/A	N/A	N/A	N/A	N/A	N/A	N/A	N/A	mzspec:GNPS:GNPS-LIBRARY:CCMSLIB00012098495
CCMSLIB00012108997	4392	spectra_filtered.mgf	GNPS-SUSPECTLIST.mgf	0.716073	6041	0	0.61311	5	0.000366211	597.301	1	temp/spectra_filtered.mgf4392	1	Suspect related to Glycodeoxycholic acid (predicted molecular formula SIRIUS: C34H44O9 / BUDDY: C34H44O9) with delta m/z 148.038 (putative explanation: glycosyl-L-hydroxyproline; atomic difference: 5C,8H,5O) [M+H]+	LC-ESI	qTof	Crude	Pieter Dorrestein	Wout Bittremieux	[M+H]+	597.301	0.0	1	N/A	N/A	N/A	N/A	N/A	4	Positive	GNPS-SUSPECTLIST	597.301	UPDATE-SINGLE-ANNOTATED-BRONZE	Insilico		N/A	N/A	N/A	N/A	N/A	N/A	N/A	N/A	N/A	mzspec:GNPS:GNPS-LIBRARY:CCMSLIB00012108997
CCMSLIB00012094796	2695	spectra_filtered.mgf	GNPS-SUSPECTLIST.mgf	0.714698	2698	0	5.09679	7	0.00180054	353.267	1	temp/spectra_filtered.mgf2695	1	Suspect related to 2-Arachidonyl glycerol ether (predicted molecular formula SIRIUS: C21H36O4 / BUDDY: C21H36O4) with delta m/z -12.036 (putative explanation: Leu/Ile->Thr substitution|Val->Ser substitution|Dealkylation+hydroxylation; atomic difference: -2C,-4H,1O|-2C,-4H,1O|2C,4H,-1O) [M+H]+	ESI	Orbitrap	Crude	Pieter Dorrestein	Wout Bittremieux	[M+H]+	353.269	0.0	1	N/A	N/A	N/A	InChI=1S/C23H40O3/c1-2-3-4-5-6-7-8-9-10-11-12-13-14-15-16-17-18-19-20-26-23(21-24)22-25/h6-7,9-10,12-13,15-16,23-25H,2-5,8,11,14,17-22H2,1H3/b7-6-,10-9-,13-12-,16-15- - 12.036 Da	N/A	4	Positive	GNPS-SUSPECTLIST	353.269	UPDATE-SINGLE-ANNOTATED-BRONZE	Insilico		N/A	N/A	N/A	N/A	N/A	N/A	N/A	N/A	N/A	mzspec:GNPS:GNPS-LIBRARY:CCMSLIB00012094796
CCMSLIB00012111943	4366	spectra_filtered.mgf	GNPS-SUSPECTLIST.mgf	0.713081	12289	0	10.6601	12	0.00436401	409.381	1	temp/spectra_filtered.mgf4366	1	Suspect related to Lupenone (predicted molecular formula SIRIUS: C18H46N7O3 / BUDDY: C25H48N2O2) with delta m/z -15.995 (putative explanation: Ser->Ala substitution|Tyr->Phe substitution|reduction; atomic difference: -1O|-1O|-1O) [M+H]+	ESI	Orbitrap	Crude	Pieter Dorrestein	Wout Bittremieux	[M+H]+	409.377	0.0	1	N/A	N/A	N/A	InChI=1S/C30H48O/c1-19(2)20-11-14-27(5)17-18-29(7)21(25(20)27)9-10-23-28(6)15-13-24(31)26(3,4)22(28)12-16-30(23,29)8/h20-23,25H,1,9-18H2,2-8H3/t20-,21+,22-,23+,25+,27+,28-,29+,30+/m0/s1 - 15.995 Da	N/A	4	Positive	GNPS-SUSPECTLIST	409.377	UPDATE-SINGLE-ANNOTATED-BRONZE	Insilico		N/A	N/A	N/A	N/A	N/A	N/A	N/A	N/A	N/A	mzspec:GNPS:GNPS-LIBRARY:CCMSLIB00012111943
CCMSLIB00012167350	3832	spectra_filtered.mgf	GNPS-SUSPECTLIST.mgf	0.707395	4163	0	8.34707	7	0.00219727	263.236	1	temp/spectra_filtered.mgf3832	1	Suspect related to trans-Vaccenic acid (predicted molecular formula SIRIUS: C18H32O2 / BUDDY: C18H32O2) with delta m/z -2.016 (putative explanation: 2-amino-3-oxo-butanoic_acid|Intact disulfide bridge|Val->Pro substitution; atomic difference: -2H|-2H|-2H) [M-H2O+H]+	ESI	Hybrid FT	Crude	Pieter Dorrestein	Wout Bittremieux	[M-H2O+H]+	263.238	0.0	1	N/A	N/A	N/A	InChI=1S/C18H34O2/c1-2-3-4-5-6-7-8-9-10-11-12-13-14-15-16-17-18(19)20/h7-8H,2-6,9-17H2,1H3,(H,19,20)/b8-7+ - 2.016 Da	N/A	4	Positive	GNPS-SUSPECTLIST	263.238	UPDATE-SINGLE-ANNOTATED-BRONZE	Insilico		N/A	N/A	N/A	N/A	N/A	N/A	N/A	N/A	N/A	mzspec:GNPS:GNPS-LIBRARY:CCMSLIB00012167350
CCMSLIB00012146264	3800	spectra_filtered.mgf	GNPS-SUSPECTLIST.mgf	0.704578	31065	0	92.8971	9	0.0485229	522.281	1	temp/spectra_filtered.mgf3800	1	Suspect related to Spectral Match to 1-Myristoyl-sn-glycero-3-phosphocholine from NIST14 (predicted molecular formula SIRIUS: C27H39N9O2 / BUDDY: C31H43N3O4) with delta m/z 54.034 (putative explanation: unspecified|3x water; atomic difference: 3C,4H,1N|H6,3O) [M+H]+	ESI	qTof	Crude	Pieter Dorrestein	Wout Bittremieux	[M+H]+	522.33	0.0	1	N/A	N/A	N/A	N/A	N/A	4	Positive	GNPS-SUSPECTLIST	522.33	UPDATE-SINGLE-ANNOTATED-BRONZE	Insilico		N/A	N/A	N/A	N/A	N/A	N/A	N/A	N/A	N/A	mzspec:GNPS:GNPS-LIBRARY:CCMSLIB00012146264
CCMSLIB00000222105	1968	spectra_filtered.mgf	MASSBANK.mgf	0.704384	1436	0	131.735	5	0.0233307	177.126	1	temp/spectra_filtered.mgf1968	1	Massbank:PB001419 Serotonin|3-(2-aminoethyl)-1H-indol-5-ol	ESI	LC-ESI-QTOF	Isolated	Putative Massbank Match	Massbank	[M+H]+	177.103	0.0	1	N/A	N/A	C1=CC2=C(C=C1O)C(=CN2)CCN	1S/C10H12N2O/c11-4-3-7-6-12-10-2-1-8(13)5-9(7)10/h1-2,5-6,12-13H,3-4,11H2	N/A	3	Positive	MASSBANK	177.103	UPDATE-SINGLE-ANNOTATED-BRONZE	Bronze		C10H12N2O	QZAYGJVTTNCVMB-UHFFFAOYSA-N	QZAYGJVTTNCVMB	Organoheterocyclic compounds	Indoles and derivatives	Tryptamines and derivatives	Tryptophan alkaloids	Simple indole alkaloids	Alkaloids	mzspec:GNPS:GNPS-LIBRARY:CCMSLIB00000222105
CCMSLIB00012121519	367	spectra_filtered.mgf	GNPS-SUSPECTLIST.mgf	0.704377	14745	0	5.29108	6	0.0015564	294.153	1	temp/spectra_filtered.mgf367	1	Suspect related to Massbank:PR310825 N-Fructosyl isoleucine (predicted molecular formula SIRIUS: C12H25NO8 / BUDDY: C12H25NO8) with delta m/z 18.01 (putative explanation: Proline oxidation to 5-hydroxy-2-aminovaleric acid|water; atomic difference: 2H,1O|2H,1O) [M-H2O+H]+	ESI	qTof	Crude	Pieter Dorrestein	Wout Bittremieux	[M-H2O+H]+	294.155	0.0	1	N/A	N/A	N/A	1S/C12H23NO7/c1-3-6(2)8(11(17)18)13-5-12(19)10(16)9(15)7(4-14)20-12/h6-10,13-16,19H,3-5H2,1-2H3,(H,17,18) + 18.010 Da	N/A	4	Positive	GNPS-SUSPECTLIST	294.155	UPDATE-SINGLE-ANNOTATED-BRONZE	Insilico		N/A	N/A	N/A	N/A	N/A	N/A	N/A	N/A	N/A	mzspec:GNPS:GNPS-LIBRARY:CCMSLIB00012121519
CCMSLIB00012098144	2829	spectra_filtered.mgf	GNPS-SUSPECTLIST.mgf	0.703832	2961	0	6.61904	5	0.00186157	281.247	1	temp/spectra_filtered.mgf2829	1	Suspect related to 5,8,11,14-Eicosatetraenoic acid, 16-hydroxy-, (5Z,8Z,11Z,14Z,16S)- (predicted molecular formula SIRIUS: C18H34O3 / BUDDY: C14H30N6O) with delta m/z -21.984 (putative explanation: glyoxal-derived AGE (reverse)|Sodium adduct (reverse); atomic difference: -2C,2H|1H,-1Na) [M-H2O+H]+	ESI	Orbitrap	Crude	Pieter Dorrestein	Wout Bittremieux	[M-H2O+H]+	281.245	0.0	1	N/A	N/A	N/A	InChI=1S/C20H32O3/c1-2-3-16-19(21)17-14-12-10-8-6-4-5-7-9-11-13-15-18-20(22)23/h4-5,8-11,14,17,19,21H,2-3,6-7,12-13,15-16,18H2,1H3,(H,22,23)/b5-4-,10-8-,11-9-,17-14-/t19-/m0/s1 - 21.984 Da	N/A	4	Positive	GNPS-SUSPECTLIST	281.245	UPDATE-SINGLE-ANNOTATED-BRONZE	Insilico		N/A	N/A	N/A	N/A	N/A	N/A	N/A	N/A	N/A	mzspec:GNPS:GNPS-LIBRARY:CCMSLIB00012098144
CCMSLIB00016355105	2013	spectra_filtered.mgf	GNPS-ALKYLAMINES-LIBRARY.mgf	0.703616	2243	0	117.802	5	0.0360718	306.242	1	temp/spectra_filtered.mgf2013	1	Serine_Alpha-hexylcinnamaldehyde (known isomers: 0; isobaric peaks in run: 2)	LC-ESI	Orbitrap	Crude	Pieter Dorrestein	Julius	[M+H]+	306.206	305.199	1	N/A	Alpha-hexylcinnamaldehyde_Amine_Batch1_P7_A4.mzML:scan:371	CCCCCCC(=Cc1ccccc1)CNC(CO)C(=O)O	InChI=1S/C18H27NO3/c1-2-3-4-6-11-16(12-15-9-7-5-8-10-15)13-19-17(14-20)18(21)22/h5,7-10,12,17,19-20H,2-4,6,11,13-14H2,1H3,(H,21,22)		1	Positive	GNPS-ALKYLAMINES-LIBRARY	306.206	UPDATE-SINGLE-ANNOTATED-GOLD	Gold		C18H27NO3	PGZFUAZJUAKPGO-UHFFFAOYSA-N	PGZFUAZJUAKPGO	N/A	N/A	N/A				mzspec:GNPS:GNPS-LIBRARY:CCMSLIB00016355105
CCMSLIB00012090371	3706	spectra_filtered.mgf	GNPS-SUSPECTLIST.mgf	0.70307	75425	0	4.97316	8	0.00140381	282.278	1	temp/spectra_filtered.mgf3706	1	Suspect related to 1-Stearoyl-2-hydroxy-sn-glycero-3-phosphocholine (predicted molecular formula SIRIUS: unknown / BUDDY: unknown) with delta m/z -29.028 (putative explanation: Lys->Val substitution; atomic difference: -1C,-3H,-1N) [311.3]	ESI	Ion Trap	Crude	Pieter Dorrestein	Wout Bittremieux	[311.3]	282.277	0.0	0	N/A	N/A	N/A	InChI=1S/C26H54NO7P/c1-5-6-7-8-9-10-11-12-13-14-15-16-17-18-19-20-26(29)32-23-25(28)24-34-35(30,31)33-22-21-27(2,3)4/h25,28H,5-24H2,1-4H3/t25-/m1/s1 - 29.028 Da	N/A	4	Positive	GNPS-SUSPECTLIST	282.277	UPDATE-SINGLE-ANNOTATED-BRONZE	Insilico		N/A	N/A	N/A	N/A	N/A	N/A	N/A	N/A	N/A	mzspec:GNPS:GNPS-LIBRARY:CCMSLIB00012090371
